address	name	status
10012771	decodeSparseBotzin	ok
1002ae81	zeroBuffer	ok
1002ae6f	copyBuffer	ok
1000247a	FUN_1000247a	ok
10002509	FUN_10002509	ok
100025bd	FUN_100025bd	ok
100240b1	FUN_100240b1	ok
10039b62	FUN_10039b62	ok
10039bbb	FUN_10039bbb	ok
100086b3	FUN_100086b3	ok
10007ec4	FUN_10007ec4	ok
10003146	FUN_10003146	ok
10015843	FUN_10015843	ok
100156ce	FUN_100156ce	ok
100159fd	FUN_100159fd	ok
10015b79	FUN_10015b79	ok
10006d3b	FUN_10006d3b	ok
10007360	FUN_10007360	ok
10007ca5	FUN_10007ca5	ok
100083b6	FUN_100083b6	ok
10015267	FUN_10015267	ok
100159d8	FUN_100159d8	ok
100162e3	FUN_100162e3	ok
1001686c	FUN_1001686c	ok
100188f9	FUN_100188f9	ok
10018d8a	FUN_10018d8a	ok
10019751	FUN_10019751	ok
1001d5fd	FUN_1001d5fd	ok
1001df05	FUN_1001df05	ok
1001e3e5	FUN_1001e3e5	ok
1001e7c3	FUN_1001e7c3	ok
1001eb33	FUN_1001eb33	ok
1001ef0c	FUN_1001ef0c	ok
10025172	FUN_10025172	ok
100252ba	FUN_100252ba	ok
100253d9	FUN_100253d9	ok
1002c228	FUN_1002c228	ok
10030442	FUN_10030442	ok
1003d89c	FUN_1003d89c	ok
1034c8d8	FUN_1034c8d8	ok
1033d8e0	FUN_1033d8e0	ok
1033de00	FUN_1033de00	ok
10002cbe	EcInit	ok
10001000	FUN_10001000	ok
10001036	FUN_10001036	ok
10001057	FUN_10001057	ok
1000108b	FUN_1000108b	ok
100010bf	FUN_100010bf	ok
10001160	FUN_10001160	ok
10001170	FUN_10001170	ok
10001222	FUN_10001222	ok
1000126e	FUN_1000126e	ok
1000133f	FUN_1000133f	ok
1000154b	FUN_1000154b	ok
1000159e	FUN_1000159e	ok
10001708	FUN_10001708	ok
100017e1	FUN_100017e1	ok
10001813	FUN_10001813	ok
10001870	FUN_10001870	ok
1000188b	FUN_1000188b	ok
10001929	FUN_10001929	ok
10001960	FUN_10001960	ok
10001a96	FUN_10001a96	ok
10001b3e	FUN_10001b3e	ok
10001b4a	FUN_10001b4a	ok
10001b9f	FUN_10001b9f	ok
10001c38	FUN_10001c38	ok
10001ca8	FUN_10001ca8	ok
10002041	FUN_10002041	ok
100021c4	FUN_100021c4	ok
10002235	FUN_10002235	ok
1000239b	FUN_1000239b	ok
100023c9	FUN_100023c9	ok
10002402	FUN_10002402	ok
10002430	FUN_10002430	ok
10002459	FUN_10002459	ok
1000264c	FUN_1000264c	ok
100026a6	FUN_100026a6	ok
10002731	FUN_10002731	ok
100027ef	FUN_100027ef	ok
10002992	FUN_10002992	ok
10002bdd	FUN_10002bdd	ok
10002c01	FUN_10002c01	ok
10002c1f	entry	ok
10002c6e	FUN_10002c6e	ok
10002c87	FUN_10002c87	ok
10002d08	FUN_10002d08	ok
10002d16	FUN_10002d16	ok
10002d46	FUN_10002d46	ok
1000307e	FUN_1000307e	ok
100030d6	FUN_100030d6	ok
10006b62	FUN_10006b62	ok
10006bce	FUN_10006bce	ok
10006c65	FUN_10006c65	ok
10006cd0	FUN_10006cd0	ok
10007a08	FUN_10007a08	ok
10007b55	FUN_10007b55	ok
1000802f	FUN_1000802f	ok
10008152	FUN_10008152	ok
10008284	FUN_10008284	ok
10008a7e	FUN_10008a7e	ok
10008e41	FUN_10008e41	ok
1000904c	FUN_1000904c	ok
100092b0	FUN_100092b0	ok
1000936f	FUN_1000936f	ok
100093a3	FUN_100093a3	ok
10009452	FUN_10009452	ok
10009489	FUN_10009489	ok
1000954e	FUN_1000954e	ok
1000d287	FUN_1000d287	ok
1000d2da	FUN_1000d2da	ok
1000d9b8	FUN_1000d9b8	ok
1000e100	FUN_1000e100	ok
1000e6b9	FUN_1000e6b9	ok
1000f40a	FUN_1000f40a	ok
1000ffb0	FUN_1000ffb0	ok
10010af0	FUN_10010af0	ok
100115bc	FUN_100115bc	ok
10011678	FUN_10011678	ok
100117ef	FUN_100117ef	ok
1001193c	FUN_1001193c	ok
10011a89	FUN_10011a89	ok
10011af2	FUN_10011af2	ok
1001242d	FUN_1001242d	ok
10012827	FUN_10012827	ok
10012aae	FUN_10012aae	ok
10012d79	FUN_10012d79	ok
10012e3d	FUN_10012e3d	ok
10012edb	FUN_10012edb	ok
10013e4d	FUN_10013e4d	ok
10013f16	FUN_10013f16	ok
100143ba	FUN_100143ba	ok
1001451b	FUN_1001451b	ok
100147eb	FUN_100147eb	ok
10014825	FUN_10014825	ok
100148ba	FUN_100148ba	ok
10014927	FUN_10014927	ok
10014993	FUN_10014993	ok
10014a0d	FUN_10014a0d	ok
10014a6e	FUN_10014a6e	ok
10014aed	FUN_10014aed	ok
10014afb	FUN_10014afb	ok
10014b75	FUN_10014b75	ok
10014bef	FUN_10014bef	ok
10014c69	FUN_10014c69	ok
10014d75	FUN_10014d75	ok
10014e64	FUN_10014e64	ok
10014f10	FUN_10014f10	ok
100151f4	FUN_100151f4	ok
10015204	FUN_10015204	ok
10015228	FUN_10015228	ok
1001561d	FUN_1001561d	ok
10015da3	FUN_10015da3	ok
10015fdc	FUN_10015fdc	ok
10016073	FUN_10016073	ok
100160d6	FUN_100160d6	ok
100163d8	FUN_100163d8	ok
10016438	FUN_10016438	ok
100167eb	FUN_100167eb	ok
100188bf	FUN_100188bf	ok
100193a1	FUN_100193a1	ok
1001a715	FUN_1001a715	ok
1001b6df	FUN_1001b6df	ok
1001b815	FUN_1001b815	ok
1001b89b	FUN_1001b89b	ok
1001b8be	FUN_1001b8be	ok
1001ccb1	FUN_1001ccb1	ok
1001cecf	FUN_1001cecf	ok
1001cf36	FUN_1001cf36	ok
1001d151	FUN_1001d151	ok
1001d2e0	FUN_1001d2e0	ok
1001e1d9	FUN_1001e1d9	ok
1001e313	FUN_1001e313	ok
1001f57d	FUN_1001f57d	ok
1001f5bd	FUN_1001f5bd	ok
100200ff	FUN_100200ff	ok
100201d3	FUN_100201d3	ok
1002040d	FUN_1002040d	ok
100204af	FUN_100204af	ok
100205bf	FUN_100205bf	ok
10020905	FUN_10020905	ok
10020950	FUN_10020950	ok
100209d5	FUN_100209d5	ok
10020ba4	FUN_10020ba4	ok
10020c48	FUN_10020c48	ok
10020c8b	FUN_10020c8b	ok
10020d0b	FUN_10020d0b	ok
10020d53	FUN_10020d53	ok
10021047	FUN_10021047	ok
100212a3	FUN_100212a3	ok
100212d7	FUN_100212d7	ok
1002131f	FUN_1002131f	ok
10021c2d	FUN_10021c2d	ok
10021e4e	FUN_10021e4e	ok
10021ed2	FUN_10021ed2	ok
10021f06	FUN_10021f06	ok
10021f3a	FUN_10021f3a	ok
10021f6c	FUN_10021f6c	ok
10022566	FUN_10022566	ok
100227bd	FUN_100227bd	ok
1002355e	FUN_1002355e	ok
100235e8	FUN_100235e8	ok
10023797	FUN_10023797	ok
100237a4	FUN_100237a4	ok
10023861	FUN_10023861	ok
1002387b	FUN_1002387b	ok
10023893	FUN_10023893	ok
10023a45	FUN_10023a45	ok
10023a8f	FUN_10023a8f	ok
10023e42	FUN_10023e42	ok
10023ea2	FUN_10023ea2	ok
10024209	FUN_10024209	ok
100244e1	FUN_100244e1	ok
100247f7	FUN_100247f7	ok
1002489c	FUN_1002489c	ok
1002492d	FUN_1002492d	ok
10024cae	FUN_10024cae	ok
10024d66	FUN_10024d66	ok
10024f39	FUN_10024f39	ok
10024fae	FUN_10024fae	ok
10024feb	FUN_10024feb	ok
100254f8	FUN_100254f8	ok
10025646	FUN_10025646	ok
1002583e	FUN_1002583e	ok
1002592f	FUN_1002592f	ok
10025a79	FUN_10025a79	ok
10025f0c	FUN_10025f0c	ok
10026340	FUN_10026340	ok
10026571	FUN_10026571	ok
100265d3	FUN_100265d3	ok
100266b1	FUN_100266b1	ok
10026702	FUN_10026702	ok
10026724	FUN_10026724	ok
10026a7f	FUN_10026a7f	ok
10026adf	FUN_10026adf	ok
10028970	FUN_10028970	ok
100289ee	FUN_100289ee	ok
10028cf5	FUN_10028cf5	ok
10028d0c	FUN_10028d0c	ok
10029010	FUN_10029010	ok
1002994d	FUN_1002994d	ok
1002997f	FUN_1002997f	ok
10029a61	FUN_10029a61	ok
10029b3b	FUN_10029b3b	ok
10029d3e	FUN_10029d3e	ok
10029d4e	FUN_10029d4e	ok
1002a092	FUN_1002a092	ok
1002a311	FUN_1002a311	ok
1002a433	FUN_1002a433	ok
1002a9b0	FUN_1002a9b0	ok
1002ad54	FUN_1002ad54	ok
1002ad79	FUN_1002ad79	ok
1002adac	FUN_1002adac	ok
1002ade7	FUN_1002ade7	ok
1002ae92	FUN_1002ae92	ok
1002af42	FUN_1002af42	ok
1002af69	FUN_1002af69	ok
1002b02b	FUN_1002b02b	ok
1002b09e	FUN_1002b09e	ok
1002bc68	FUN_1002bc68	ok
1002be32	FUN_1002be32	ok
1002bed7	FUN_1002bed7	ok
1002bf38	FUN_1002bf38	ok
1002bfd7	FUN_1002bfd7	ok
1002c077	FUN_1002c077	ok
1002c0cb	FUN_1002c0cb	ok
1002c1b6	FUN_1002c1b6	ok
1002ff87	FUN_1002ff87	ok
1002ffa3	FUN_1002ffa3	ok
1002fff4	FUN_1002fff4	ok
1003004d	FUN_1003004d	ok
100300ce	FUN_100300ce	ok
10030225	FUN_10030225	ok
10030326	FUN_10030326	ok
100303be	FUN_100303be	ok
10036bb2	FUN_10036bb2	ok
10036c87	FUN_10036c87	ok
10036daf	FUN_10036daf	ok
10036e69	FUN_10036e69	ok
10036eb6	FUN_10036eb6	ok
10037100	FUN_10037100	ok
100371fd	FUN_100371fd	ok
10037384	FUN_10037384	ok
100374ba	FUN_100374ba	ok
100375d9	FUN_100375d9	ok
10037694	FUN_10037694	ok
100377cb	FUN_100377cb	ok
10037973	FUN_10037973	ok
100379b6	FUN_100379b6	ok
10037a0f	FUN_10037a0f	ok
10037a68	FUN_10037a68	ok
10037b0c	FUN_10037b0c	ok
10037c72	FUN_10037c72	ok
10037f84	FUN_10037f84	ok
10037fa1	FUN_10037fa1	ok
100380dd	FUN_100380dd	ok
10038449	FUN_10038449	ok
100384fb	FUN_100384fb	ok
1003867e	FUN_1003867e	ok
10038725	FUN_10038725	ok
100388ae	FUN_100388ae	ok
10038d20	FUN_10038d20	ok
10038d3c	FUN_10038d3c	ok
10038e29	FUN_10038e29	ok
10038eb3	FUN_10038eb3	ok
1003919a	FUN_1003919a	ok
1003927b	FUN_1003927b	ok
1003933a	FUN_1003933a	ok
10039357	FUN_10039357	ok
10039374	FUN_10039374	ok
100393c2	FUN_100393c2	ok
10039413	FUN_10039413	ok
1003945d	FUN_1003945d	ok
100394a7	FUN_100394a7	ok
1003974b	FUN_1003974b	ok
100397a0	FUN_100397a0	ok
10039951	FUN_10039951	ok
1003997e	FUN_1003997e	ok
100399af	FUN_100399af	ok
100399f0	FUN_100399f0	ok
10039a52	FUN_10039a52	ok
10039ab9	FUN_10039ab9	ok
10039c81	FUN_10039c81	ok
10039d8a	FUN_10039d8a	ok
10039f02	FUN_10039f02	ok
10039f67	FUN_10039f67	ok
10039fc8	FUN_10039fc8	ok
10039fee	FUN_10039fee	ok
1003a03f	FUN_1003a03f	ok
1003a065	FUN_1003a065	ok
1003a0f8	FUN_1003a0f8	ok
1003a148	FUN_1003a148	ok
1003a176	FUN_1003a176	ok
1003a1aa	FUN_1003a1aa	ok
1003a1e5	FUN_1003a1e5	ok
1003a320	FUN_1003a320	ok
1003a3da	FUN_1003a3da	ok
1003a494	FUN_1003a494	ok
1003a550	FUN_1003a550	ok
1003a60a	FUN_1003a60a	ok
1003b0f0	FUN_1003b0f0	ok
1003b127	FUN_1003b127	ok
1003b159	FUN_1003b159	ok
1003b22b	FUN_1003b22b	ok
1003ba2f	FUN_1003ba2f	ok
1003bb22	FUN_1003bb22	ok
1003bbc1	FUN_1003bbc1	ok
1003bc09	FUN_1003bc09	ok
1003bc54	FUN_1003bc54	ok
1003bec5	FUN_1003bec5	ok
1003bfec	FUN_1003bfec	ok
1003c059	FUN_1003c059	ok
1003c23e	FUN_1003c23e	ok
1003c291	FUN_1003c291	ok
1003c2e3	FUN_1003c2e3	ok
1003c36f	FUN_1003c36f	ok
1003c3fc	FUN_1003c3fc	ok
1003c430	FUN_1003c430	ok
1003c462	FUN_1003c462	ok
1003c496	FUN_1003c496	ok
1003c4c8	FUN_1003c4c8	ok
1003c4fa	FUN_1003c4fa	ok
1003c52a	FUN_1003c52a	ok
1003c55d	FUN_1003c55d	ok
1003c718	FUN_1003c718	ok
1003c87c	FUN_1003c87c	ok
1003c8d8	FUN_1003c8d8	ok
1003c936	FUN_1003c936	ok
1003c9bd	FUN_1003c9bd	ok
1003ca03	FUN_1003ca03	ok
1003d1b7	FUN_1003d1b7	ok
1003d60f	FUN_1003d60f	ok
1003d730	FUN_1003d730	ok
1003d770	FUN_1003d770	ok
1003d844	FUN_1003d844	ok
1003d99f	FUN_1003d99f	ok
1003e2a0	FUN_1003e2a0	ok
1003e5f2	FUN_1003e5f2	ok
1003e7aa	FUN_1003e7aa	ok
1003e983	FUN_1003e983	ok
1003ea34	FUN_1003ea34	ok
1003ec1e	FUN_1003ec1e	ok
1003ecf9	FUN_1003ecf9	ok
1003f393	FUN_1003f393	ok
1003f3a0	FUN_1003f3a0	ok
1003f5d7	FUN_1003f5d7	ok
1003ffdf	FUN_1003ffdf	ok
100401a9	FUN_100401a9	ok
100401f7	FUN_100401f7	ok
1004024a	FUN_1004024a	ok
10040272	FUN_10040272	ok
10040318	FUN_10040318	ok
10040900	FUN_10040900	ok
10040940	FUN_10040940	ok
100409a8	FUN_100409a8	ok
100409e0	FUN_100409e0	ok
10040a30	FUN_10040a30	ok
10040a76	FUN_10040a76	ok
102eb000	FUN_102eb000	ok
102eb070	FUN_102eb070	ok
102eb0b0	FUN_102eb0b0	ok
102eb110	FUN_102eb110	ok
102eb160	FUN_102eb160	ok
102eb190	FUN_102eb190	ok
102eb1d0	FUN_102eb1d0	ok
102eb200	FUN_102eb200	ok
102eb240	FUN_102eb240	ok
102eb280	FUN_102eb280	ok
102eb2b0	FUN_102eb2b0	ok
102eb300	FUN_102eb300	ok
102eb340	FUN_102eb340	ok
102eb5b0	FUN_102eb5b0	ok
102eb670	FUN_102eb670	ok
102eb6d0	FUN_102eb6d0	ok
102eb6f0	FUN_102eb6f0	ok
102eb750	FUN_102eb750	ok
102eb7b0	FUN_102eb7b0	ok
102eb870	FUN_102eb870	ok
102eb8d0	FUN_102eb8d0	ok
102eb8f0	FUN_102eb8f0	ok
102eb940	FUN_102eb940	ok
102eb9c0	FUN_102eb9c0	ok
102eba10	FUN_102eba10	ok
102ebca0	FUN_102ebca0	ok
102ebe90	FUN_102ebe90	ok
102ec090	FUN_102ec090	ok
102ec100	FUN_102ec100	ok
102ec130	FUN_102ec130	ok
102ec1f0	FUN_102ec1f0	ok
102ec230	FUN_102ec230	ok
102ec270	FUN_102ec270	ok
102ec2e0	FUN_102ec2e0	ok
102ec380	FUN_102ec380	ok
102ec590	FUN_102ec590	ok
102ec640	FUN_102ec640	ok
102ec6a0	FUN_102ec6a0	ok
102ec8b0	FUN_102ec8b0	ok
102ec930	FUN_102ec930	ok
102ec950	FUN_102ec950	ok
102ec980	FUN_102ec980	ok
102ec9a0	FUN_102ec9a0	ok
102ec9c0	FUN_102ec9c0	ok
102eca50	FUN_102eca50	ok
102ecc50	FUN_102ecc50	ok
102ecd50	FUN_102ecd50	ok
102ece60	FUN_102ece60	ok
102ecee0	FUN_102ecee0	ok
102ecf80	FUN_102ecf80	ok
102ed090	FUN_102ed090	ok
102ed2e0	FUN_102ed2e0	ok
102ed440	FUN_102ed440	ok
102ed4b0	FUN_102ed4b0	ok
102ed560	FUN_102ed560	ok
102ed640	FUN_102ed640	ok
102ed6b0	FUN_102ed6b0	ok
102ed940	FUN_102ed940	ok
102edcb0	FUN_102edcb0	ok
102edf10	FUN_102edf10	ok
102edf80	FUN_102edf80	ok
102edfe0	FUN_102edfe0	ok
102ee060	FUN_102ee060	ok
102ee080	FUN_102ee080	ok
102ee0a0	FUN_102ee0a0	ok
102ee0d0	FUN_102ee0d0	ok
102ee140	FUN_102ee140	ok
102ee1e0	FUN_102ee1e0	ok
102ee2e0	FUN_102ee2e0	ok
102ee3a0	FUN_102ee3a0	ok
102ee480	FUN_102ee480	ok
102ee700	FUN_102ee700	ok
102ee8a0	FUN_102ee8a0	ok
102ee9d0	FUN_102ee9d0	ok
102eea20	FUN_102eea20	ok
102eeab0	FUN_102eeab0	ok
102eeb40	FUN_102eeb40	ok
102eeb60	FUN_102eeb60	ok
102eebb0	FUN_102eebb0	ok
102eed50	FUN_102eed50	ok
102eef00	FUN_102eef00	ok
102ef020	FUN_102ef020	ok
102ef140	FUN_102ef140	ok
102ef270	FUN_102ef270	ok
102ef3a0	FUN_102ef3a0	ok
102ef460	FUN_102ef460	ok
102ef530	FUN_102ef530	ok
102ef640	FUN_102ef640	ok
102ef750	FUN_102ef750	ok
102ef8d0	FUN_102ef8d0	ok
102efa50	FUN_102efa50	ok
102efba0	FUN_102efba0	ok
102efcf0	FUN_102efcf0	ok
102efd90	FUN_102efd90	ok
102efe30	FUN_102efe30	ok
102effb0	FUN_102effb0	ok
102f0130	FUN_102f0130	ok
102f02b0	FUN_102f02b0	ok
102f0430	FUN_102f0430	ok
102f04d0	FUN_102f04d0	ok
102f0570	FUN_102f0570	ok
102f0650	FUN_102f0650	ok
102f0730	FUN_102f0730	ok
102f07c0	FUN_102f07c0	ok
102f0850	FUN_102f0850	ok
102f0940	FUN_102f0940	ok
102f0a30	FUN_102f0a30	ok
102f0ba0	FUN_102f0ba0	ok
102f0d10	FUN_102f0d10	ok
102f0dc0	FUN_102f0dc0	ok
102f0e70	FUN_102f0e70	ok
102f0f30	FUN_102f0f30	ok
102f0ff0	FUN_102f0ff0	ok
102f1120	FUN_102f1120	ok
102f1250	FUN_102f1250	ok
102f1390	FUN_102f1390	ok
102f14d0	FUN_102f14d0	ok
102f1670	FUN_102f1670	ok
102f1810	FUN_102f1810	ok
102f1910	FUN_102f1910	ok
102f1a10	FUN_102f1a10	ok
102f1b90	FUN_102f1b90	ok
102f1d10	FUN_102f1d10	ok
102f1e90	FUN_102f1e90	ok
102f2010	FUN_102f2010	ok
102f2170	FUN_102f2170	ok
102f22d0	FUN_102f22d0	ok
102f2420	FUN_102f2420	ok
102f2570	FUN_102f2570	ok
102f2690	FUN_102f2690	ok
102f27b0	FUN_102f27b0	ok
102f2940	FUN_102f2940	ok
102f2ad0	FUN_102f2ad0	ok
102f2b60	FUN_102f2b60	ok
102f2bf0	FUN_102f2bf0	ok
102f2c20	FUN_102f2c20	ok
102f2ca0	FUN_102f2ca0	ok
102f2d00	FUN_102f2d00	ok
102f2d90	FUN_102f2d90	ok
102f2da0	FUN_102f2da0	ok
102f2dc0	FUN_102f2dc0	ok
102f2dd0	FUN_102f2dd0	ok
102f2e20	FUN_102f2e20	ok
102f2e50	FUN_102f2e50	ok
102f2e70	FUN_102f2e70	ok
102f2e90	FUN_102f2e90	ok
102f2eb0	FUN_102f2eb0	ok
102f2ed0	FUN_102f2ed0	ok
102f2ef0	FUN_102f2ef0	ok
102f2f10	FUN_102f2f10	ok
102f2f60	FUN_102f2f60	ok
102f2f90	FUN_102f2f90	ok
102f2fb0	FUN_102f2fb0	ok
102f2fd0	FUN_102f2fd0	ok
102f2ff0	FUN_102f2ff0	ok
102f3010	FUN_102f3010	ok
102f3020	FUN_102f3020	ok
102f30b0	FUN_102f30b0	ok
102f3180	FUN_102f3180	ok
102f3370	FUN_102f3370	ok
102f3400	FUN_102f3400	ok
102f34a0	FUN_102f34a0	ok
102f3550	FUN_102f3550	ok
102f3620	FUN_102f3620	ok
102f36d0	FUN_102f36d0	ok
102f3790	FUN_102f3790	ok
102f3860	FUN_102f3860	ok
102f38e0	FUN_102f38e0	ok
102f3990	FUN_102f3990	ok
102f3a40	FUN_102f3a40	ok
102f3ad0	FUN_102f3ad0	ok
102f3b80	FUN_102f3b80	ok
102f3c20	FUN_102f3c20	ok
102f3d00	FUN_102f3d00	ok
102f3e60	FUN_102f3e60	ok
102f3f10	FUN_102f3f10	ok
102f4000	FUN_102f4000	ok
102f4090	FUN_102f4090	ok
102f4150	FUN_102f4150	ok
102f4250	FUN_102f4250	ok
102f4300	FUN_102f4300	ok
102f4410	FUN_102f4410	ok
102f45d0	FUN_102f45d0	ok
102f47b0	FUN_102f47b0	ok
102f4870	FUN_102f4870	ok
102f4960	FUN_102f4960	ok
102f4a40	FUN_102f4a40	ok
102f4ae0	FUN_102f4ae0	ok
102f4b60	FUN_102f4b60	ok
102f4c40	FUN_102f4c40	ok
102f4cd0	FUN_102f4cd0	ok
102f4d90	FUN_102f4d90	ok
102f4f80	FUN_102f4f80	ok
102f5020	FUN_102f5020	ok
102f50e0	FUN_102f50e0	ok
102f5260	FUN_102f5260	ok
102f5330	FUN_102f5330	ok
102f53e0	FUN_102f53e0	ok
102f54a0	FUN_102f54a0	ok
102f5530	FUN_102f5530	ok
102f55f0	FUN_102f55f0	ok
102f56a0	FUN_102f56a0	ok
102f5720	FUN_102f5720	ok
102f5810	FUN_102f5810	ok
102f5a00	FUN_102f5a00	ok
102f5ae0	FUN_102f5ae0	ok
102f5bc0	FUN_102f5bc0	ok
102f5c70	FUN_102f5c70	ok
102f5d90	FUN_102f5d90	ok
102f5e20	FUN_102f5e20	ok
102f5f00	FUN_102f5f00	ok
102f5f90	FUN_102f5f90	ok
102f6070	FUN_102f6070	ok
102f6110	FUN_102f6110	ok
102f62a0	FUN_102f62a0	ok
102f6350	FUN_102f6350	ok
102f63f0	FUN_102f63f0	ok
102f64c0	FUN_102f64c0	ok
102f6650	FUN_102f6650	ok
102f66f0	FUN_102f66f0	ok
102f67a0	FUN_102f67a0	ok
102f6850	FUN_102f6850	ok
102f68f0	FUN_102f68f0	ok
102f6980	FUN_102f6980	ok
102f6a90	FUN_102f6a90	ok
102f6b90	FUN_102f6b90	ok
102f6c50	FUN_102f6c50	ok
102f6d20	FUN_102f6d20	ok
102f6de0	FUN_102f6de0	ok
102f6e80	FUN_102f6e80	ok
102f6f30	FUN_102f6f30	ok
102f6fd0	FUN_102f6fd0	ok
102f7130	FUN_102f7130	ok
102f71e0	FUN_102f71e0	ok
102f72b0	FUN_102f72b0	ok
102f7460	FUN_102f7460	ok
102f7500	FUN_102f7500	ok
102f75b0	FUN_102f75b0	ok
102f7650	FUN_102f7650	ok
102f7740	FUN_102f7740	ok
102f77e0	FUN_102f77e0	ok
102f78f0	FUN_102f78f0	ok
102f79f0	FUN_102f79f0	ok
102f7a80	FUN_102f7a80	ok
102f7b30	FUN_102f7b30	ok
102f7bc0	FUN_102f7bc0	ok
102f7c60	FUN_102f7c60	ok
102f7d40	FUN_102f7d40	ok
102f7df0	FUN_102f7df0	ok
102f7ec0	FUN_102f7ec0	ok
102f7fa0	FUN_102f7fa0	ok
102f8070	FUN_102f8070	ok
102f8210	FUN_102f8210	ok
102f83a0	FUN_102f83a0	ok
102f8460	FUN_102f8460	ok
102f8560	FUN_102f8560	ok
102f8600	FUN_102f8600	ok
102f8700	FUN_102f8700	ok
102f8790	FUN_102f8790	ok
102f8820	FUN_102f8820	ok
102f88d0	FUN_102f88d0	ok
102f89b0	FUN_102f89b0	ok
102f8a60	FUN_102f8a60	ok
102f8b10	FUN_102f8b10	ok
102f8bd0	FUN_102f8bd0	ok
102f8c70	FUN_102f8c70	ok
102f8dd0	FUN_102f8dd0	ok
102f8f80	FUN_102f8f80	ok
102f9010	FUN_102f9010	ok
102f90f0	FUN_102f90f0	ok
102f91a0	FUN_102f91a0	ok
102f9240	FUN_102f9240	ok
102f9300	FUN_102f9300	ok
102f9420	FUN_102f9420	ok
102f94c0	FUN_102f94c0	ok
102f9560	FUN_102f9560	ok
102f95f0	FUN_102f95f0	ok
102f96e0	FUN_102f96e0	ok
102f9780	FUN_102f9780	ok
102f9820	FUN_102f9820	ok
102f9910	FUN_102f9910	ok
102f99a0	FUN_102f99a0	ok
102f9a30	FUN_102f9a30	ok
102f9ae0	FUN_102f9ae0	ok
102f9b80	FUN_102f9b80	ok
102f9c20	FUN_102f9c20	ok
102f9cc0	FUN_102f9cc0	ok
102f9db0	FUN_102f9db0	ok
102f9eb0	FUN_102f9eb0	ok
102fa010	FUN_102fa010	ok
102fa090	FUN_102fa090	ok
102fa210	FUN_102fa210	ok
102fa2e0	FUN_102fa2e0	ok
102fa3b0	FUN_102fa3b0	ok
102fa460	FUN_102fa460	ok
102fa550	FUN_102fa550	ok
102fa610	FUN_102fa610	ok
102fa700	FUN_102fa700	ok
102fa7f0	FUN_102fa7f0	ok
102fa8a0	FUN_102fa8a0	ok
102fa9c0	FUN_102fa9c0	ok
102faa80	FUN_102faa80	ok
102fab30	FUN_102fab30	ok
102fac10	FUN_102fac10	ok
102face0	FUN_102face0	ok
102fad70	FUN_102fad70	ok
102fae50	FUN_102fae50	ok
102faf30	FUN_102faf30	ok
102fb010	FUN_102fb010	ok
102fb0b0	FUN_102fb0b0	ok
102fb240	FUN_102fb240	ok
102fb2c0	FUN_102fb2c0	ok
102fb460	FUN_102fb460	ok
102fb530	FUN_102fb530	ok
102fb600	FUN_102fb600	ok
102fb690	FUN_102fb690	ok
102fb730	FUN_102fb730	ok
102fb7c0	FUN_102fb7c0	ok
102fb850	FUN_102fb850	ok
102fb8e0	FUN_102fb8e0	ok
102fb980	FUN_102fb980	ok
102fbb00	FUN_102fbb00	ok
102fbb90	FUN_102fbb90	ok
102fbca0	FUN_102fbca0	ok
102fbd40	FUN_102fbd40	ok
102fbdf0	FUN_102fbdf0	ok
102fbfb0	FUN_102fbfb0	ok
102fc0c0	FUN_102fc0c0	ok
102fc180	FUN_102fc180	ok
102fc210	FUN_102fc210	ok
102fc2b0	FUN_102fc2b0	ok
102fc4b0	FUN_102fc4b0	ok
102fc5a0	FUN_102fc5a0	ok
102fc660	FUN_102fc660	ok
102fc710	FUN_102fc710	ok
102fc7c0	FUN_102fc7c0	ok
102fc880	FUN_102fc880	ok
102fc930	FUN_102fc930	ok
102fca00	FUN_102fca00	ok
102fcaa0	FUN_102fcaa0	ok
102fcb70	FUN_102fcb70	ok
102fcc00	FUN_102fcc00	ok
102fcce0	FUN_102fcce0	ok
102fcdc0	FUN_102fcdc0	ok
102fceb0	FUN_102fceb0	ok
102fcf80	FUN_102fcf80	ok
102fd040	FUN_102fd040	ok
102fd0f0	FUN_102fd0f0	ok
102fd270	FUN_102fd270	ok
102fd320	FUN_102fd320	ok
102fd3c0	FUN_102fd3c0	ok
102fd490	FUN_102fd490	ok
102fd540	FUN_102fd540	ok
102fd6c0	FUN_102fd6c0	ok
102fd770	FUN_102fd770	ok
102fd800	FUN_102fd800	ok
102fd890	FUN_102fd890	ok
102fd980	FUN_102fd980	ok
102fda50	FUN_102fda50	ok
102fdbf0	FUN_102fdbf0	ok
102fdcb0	FUN_102fdcb0	ok
102fdd80	FUN_102fdd80	ok
102fde10	FUN_102fde10	ok
102fde90	FUN_102fde90	ok
102fdf50	FUN_102fdf50	ok
102fe040	FUN_102fe040	ok
102fe110	FUN_102fe110	ok
102fe190	FUN_102fe190	ok
102fe290	FUN_102fe290	ok
102fe330	FUN_102fe330	ok
102fe3d0	FUN_102fe3d0	ok
102fe470	FUN_102fe470	ok
102fe550	FUN_102fe550	ok
102fe555	FUN_102fe555	ok
102fe6e0	FUN_102fe6e0	ok
102fe790	FUN_102fe790	ok
102fe830	FUN_102fe830	ok
102fe8e0	FUN_102fe8e0	ok
102fe990	FUN_102fe990	ok
102fea30	FUN_102fea30	ok
102fead0	FUN_102fead0	ok
102febc0	FUN_102febc0	ok
102fec90	FUN_102fec90	ok
102fed40	FUN_102fed40	ok
102fee30	FUN_102fee30	ok
102fef20	FUN_102fef20	ok
102fefe0	FUN_102fefe0	ok
102ff0b0	FUN_102ff0b0	ok
102ff180	FUN_102ff180	ok
102ff210	FUN_102ff210	ok
102ff2e0	FUN_102ff2e0	ok
102ff380	FUN_102ff380	ok
102ff4e0	FUN_102ff4e0	ok
102ff5b0	FUN_102ff5b0	ok
102ff650	FUN_102ff650	ok
102ff730	FUN_102ff730	ok
102ff7f0	FUN_102ff7f0	ok
102ff880	FUN_102ff880	ok
102ffa30	FUN_102ffa30	ok
102ffb40	FUN_102ffb40	ok
102ffbf0	FUN_102ffbf0	ok
102ffcb0	FUN_102ffcb0	ok
102ffda0	FUN_102ffda0	ok
102ffe80	FUN_102ffe80	ok
102fff10	FUN_102fff10	ok
102fffb0	FUN_102fffb0	ok
10300070	FUN_10300070	ok
10300140	FUN_10300140	ok
103001f0	FUN_103001f0	ok
10300280	FUN_10300280	ok
10300390	FUN_10300390	ok
103004a0	FUN_103004a0	ok
103005a0	FUN_103005a0	ok
103006a0	FUN_103006a0	ok
103007b0	FUN_103007b0	ok
103008c0	FUN_103008c0	ok
103009d0	FUN_103009d0	ok
10300ae0	FUN_10300ae0	ok
10300bf0	FUN_10300bf0	ok
10300d00	FUN_10300d00	ok
10300e10	FUN_10300e10	ok
10300f20	FUN_10300f20	ok
10301030	FUN_10301030	ok
10301140	FUN_10301140	ok
10301250	FUN_10301250	ok
10301360	FUN_10301360	ok
10301470	FUN_10301470	ok
10301580	FUN_10301580	ok
10301690	FUN_10301690	ok
103017a0	FUN_103017a0	ok
103018b0	FUN_103018b0	ok
103019c0	FUN_103019c0	ok
10301ad0	FUN_10301ad0	ok
10301be0	FUN_10301be0	ok
10301cf0	FUN_10301cf0	ok
10301e00	FUN_10301e00	ok
10301f00	FUN_10301f00	ok
10302010	FUN_10302010	ok
10302110	FUN_10302110	ok
10302220	FUN_10302220	ok
10302330	FUN_10302330	ok
10302440	FUN_10302440	ok
10302550	FUN_10302550	ok
10302660	FUN_10302660	ok
10302770	FUN_10302770	ok
10302880	FUN_10302880	ok
10302990	FUN_10302990	ok
10302aa0	FUN_10302aa0	ok
10302bb0	FUN_10302bb0	ok
10302cc0	FUN_10302cc0	ok
10302dd0	FUN_10302dd0	ok
10302ee0	FUN_10302ee0	ok
10302ff0	FUN_10302ff0	ok
10303100	FUN_10303100	ok
10303210	FUN_10303210	ok
10303320	FUN_10303320	ok
10303430	FUN_10303430	ok
10303540	FUN_10303540	ok
10303650	FUN_10303650	ok
10303760	FUN_10303760	ok
10303870	FUN_10303870	ok
10303980	FUN_10303980	ok
10303a90	FUN_10303a90	ok
10303ba0	FUN_10303ba0	ok
10303cb0	FUN_10303cb0	ok
10303dc0	FUN_10303dc0	ok
10303ed0	FUN_10303ed0	ok
10303fe0	FUN_10303fe0	ok
103040f0	FUN_103040f0	ok
10304200	FUN_10304200	ok
10304310	FUN_10304310	ok
10304420	FUN_10304420	ok
10304530	FUN_10304530	ok
10304630	FUN_10304630	ok
10304740	FUN_10304740	ok
10304850	FUN_10304850	ok
10304960	FUN_10304960	ok
10304a70	FUN_10304a70	ok
10304b80	FUN_10304b80	ok
10304c90	FUN_10304c90	ok
10304da0	FUN_10304da0	ok
10304ea0	FUN_10304ea0	ok
10304fb0	FUN_10304fb0	ok
103050c0	FUN_103050c0	ok
103051d0	FUN_103051d0	ok
103052e0	FUN_103052e0	ok
103053f0	FUN_103053f0	ok
103054f0	FUN_103054f0	ok
10305600	FUN_10305600	ok
10305710	FUN_10305710	ok
10305820	FUN_10305820	ok
10305920	FUN_10305920	ok
10305a30	FUN_10305a30	ok
10305b40	FUN_10305b40	ok
10305c50	FUN_10305c50	ok
10305d60	FUN_10305d60	ok
10305e70	FUN_10305e70	ok
10305f80	FUN_10305f80	ok
10306090	FUN_10306090	ok
103061a0	FUN_103061a0	ok
103062b0	FUN_103062b0	ok
103063b0	FUN_103063b0	ok
103064b0	FUN_103064b0	ok
103065b0	FUN_103065b0	ok
103066c0	FUN_103066c0	ok
103067d0	FUN_103067d0	ok
103068e0	FUN_103068e0	ok
103069f0	FUN_103069f0	ok
10306b00	FUN_10306b00	ok
10306c10	FUN_10306c10	ok
10306d20	FUN_10306d20	ok
10306e20	FUN_10306e20	ok
10306f30	FUN_10306f30	ok
10307040	FUN_10307040	ok
10307150	FUN_10307150	ok
10307260	FUN_10307260	ok
10307370	FUN_10307370	ok
10307480	FUN_10307480	ok
10307590	FUN_10307590	ok
103076a0	FUN_103076a0	ok
103077b0	FUN_103077b0	ok
103078c0	FUN_103078c0	ok
103079d0	FUN_103079d0	ok
10307ae0	FUN_10307ae0	ok
10307bf0	FUN_10307bf0	ok
10307d00	FUN_10307d00	ok
10307e10	FUN_10307e10	ok
10307f20	FUN_10307f20	ok
10308030	FUN_10308030	ok
10308140	FUN_10308140	ok
10308250	FUN_10308250	ok
10308360	FUN_10308360	ok
10308470	FUN_10308470	ok
10308580	FUN_10308580	ok
10308690	FUN_10308690	ok
103087a0	FUN_103087a0	ok
103088b0	FUN_103088b0	ok
103089c0	FUN_103089c0	ok
10308ad0	FUN_10308ad0	ok
10308be0	FUN_10308be0	ok
10308cf0	FUN_10308cf0	ok
10308df0	FUN_10308df0	ok
10308f00	FUN_10308f00	ok
10309010	FUN_10309010	ok
10309120	FUN_10309120	ok
10309230	FUN_10309230	ok
10309340	FUN_10309340	ok
10309440	FUN_10309440	ok
10309550	FUN_10309550	ok
10309660	FUN_10309660	ok
10309770	FUN_10309770	ok
10309880	FUN_10309880	ok
10309990	FUN_10309990	ok
10309aa0	FUN_10309aa0	ok
10309bb0	FUN_10309bb0	ok
10309cc0	FUN_10309cc0	ok
10309dd0	FUN_10309dd0	ok
10309ee0	FUN_10309ee0	ok
10309ff0	FUN_10309ff0	ok
1030a100	FUN_1030a100	ok
1030a210	FUN_1030a210	ok
1030a320	FUN_1030a320	ok
1030a430	FUN_1030a430	ok
1030a540	FUN_1030a540	ok
1030a650	FUN_1030a650	ok
1030a760	FUN_1030a760	ok
1030a870	FUN_1030a870	ok
1030a980	FUN_1030a980	ok
1030aa90	FUN_1030aa90	ok
1030aba0	FUN_1030aba0	ok
1030acb0	FUN_1030acb0	ok
1030adc0	FUN_1030adc0	ok
1030aed0	FUN_1030aed0	ok
1030afe0	FUN_1030afe0	ok
1030b0f0	FUN_1030b0f0	ok
1030b200	FUN_1030b200	ok
1030b310	FUN_1030b310	ok
1030b420	FUN_1030b420	ok
1030b530	FUN_1030b530	ok
1030b640	FUN_1030b640	ok
1030b750	FUN_1030b750	ok
1030b860	FUN_1030b860	ok
1030b960	FUN_1030b960	ok
1030ba70	FUN_1030ba70	ok
1030bb80	FUN_1030bb80	ok
1030bc90	FUN_1030bc90	ok
1030bda0	FUN_1030bda0	ok
1030beb0	FUN_1030beb0	ok
1030bfc0	FUN_1030bfc0	ok
1030c0d0	FUN_1030c0d0	ok
1030c1e0	FUN_1030c1e0	ok
1030c2f0	FUN_1030c2f0	ok
1030c400	FUN_1030c400	ok
1030c510	FUN_1030c510	ok
1030c620	FUN_1030c620	ok
1030c730	FUN_1030c730	ok
1030c830	FUN_1030c830	ok
1030c940	FUN_1030c940	ok
1030ca50	FUN_1030ca50	ok
1030cb60	FUN_1030cb60	ok
1030cc70	FUN_1030cc70	ok
1030cd80	FUN_1030cd80	ok
1030ce90	FUN_1030ce90	ok
1030cfa0	FUN_1030cfa0	ok
1030d0b0	FUN_1030d0b0	ok
1030d1c0	FUN_1030d1c0	ok
1030d2d0	FUN_1030d2d0	ok
1030d3e0	FUN_1030d3e0	ok
1030d4f0	FUN_1030d4f0	ok
1030d600	FUN_1030d600	ok
1030d710	FUN_1030d710	ok
1030d820	FUN_1030d820	ok
1030d930	FUN_1030d930	ok
1030da40	FUN_1030da40	ok
1030db50	FUN_1030db50	ok
1030dc60	FUN_1030dc60	ok
1030dd70	FUN_1030dd70	ok
1030de80	FUN_1030de80	ok
1030df90	FUN_1030df90	ok
1030e0a0	FUN_1030e0a0	ok
1030e1b0	FUN_1030e1b0	ok
1030e2c0	FUN_1030e2c0	ok
1030e3d0	FUN_1030e3d0	ok
1030e4e0	FUN_1030e4e0	ok
1030e5f0	FUN_1030e5f0	ok
1030e700	FUN_1030e700	ok
1030e810	FUN_1030e810	ok
1030e920	FUN_1030e920	ok
1030ea30	FUN_1030ea30	ok
1030eb40	FUN_1030eb40	ok
1030ec50	FUN_1030ec50	ok
1030ed60	FUN_1030ed60	ok
1030ee60	FUN_1030ee60	ok
1030ef70	FUN_1030ef70	ok
1030f080	FUN_1030f080	ok
1030f190	FUN_1030f190	ok
1030f2a0	FUN_1030f2a0	ok
1030f3b0	FUN_1030f3b0	ok
1030f4c0	FUN_1030f4c0	ok
1030f5d0	FUN_1030f5d0	ok
1030f6e0	FUN_1030f6e0	ok
1030f7f0	FUN_1030f7f0	ok
1030f900	FUN_1030f900	ok
1030fa10	FUN_1030fa10	ok
1030fb20	FUN_1030fb20	ok
1030fc30	FUN_1030fc30	ok
1030fd40	FUN_1030fd40	ok
1030fe50	FUN_1030fe50	ok
1030ff60	FUN_1030ff60	ok
10310070	FUN_10310070	ok
10310180	FUN_10310180	ok
10310290	FUN_10310290	ok
103103a0	FUN_103103a0	ok
103104a0	FUN_103104a0	ok
103105b0	FUN_103105b0	ok
103106c0	FUN_103106c0	ok
103107d0	FUN_103107d0	ok
103108e0	FUN_103108e0	ok
103109f0	FUN_103109f0	ok
10310b00	FUN_10310b00	ok
10310c10	FUN_10310c10	ok
10310d20	FUN_10310d20	ok
10310e30	FUN_10310e30	ok
10310f40	FUN_10310f40	ok
10311050	FUN_10311050	ok
10311160	FUN_10311160	ok
10311540	FUN_10311540	ok
103115b0	FUN_103115b0	ok
10311680	FUN_10311680	ok
10311740	FUN_10311740	ok
10311810	FUN_10311810	ok
103118e0	FUN_103118e0	ok
10311940	FUN_10311940	ok
10311c90	FUN_10311c90	ok
10311cd0	FUN_10311cd0	ok
10311dd0	FUN_10311dd0	ok
10311f40	FUN_10311f40	ok
10312460	FUN_10312460	ok
10312480	strchr	ok
103124a0	strrchr	ok
103124c0	FUN_103124c0	ok
103124e0	FUN_103124e0	ok
10312500	FUN_10312500	ok
10312560	FUN_10312560	ok
10312590	FUN_10312590	ok
103125d0	FUN_103125d0	ok
10312640	FUN_10312640	ok
10312660	FUN_10312660	ok
10312680	FUN_10312680	ok
103126c0	~SchedulerPolicy	ok
103126f0	FUN_103126f0	ok
10312730	FUN_10312730	ok
10312960	FUN_10312960	ok
10312a00	FUN_10312a00	ok
10312a30	FUN_10312a30	ok
10312b10	FUN_10312b10	ok
10312b80	FUN_10312b80	ok
10312b90	FUN_10312b90	ok
10312bf0	FUN_10312bf0	ok
10312c20	FID_conflict:~bad_alloc	ok
10312c70	FUN_10312c70	ok
10312d00	FUN_10312d00	ok
10312d20	FUN_10312d20	ok
10312d30	FUN_10312d30	ok
10312d40	uflow	ok
10312da0	to_int_type	ok
10312db0	eq_int_type	ok
10312dd0	xsgetn	ok
10312e00	_Xsgetn_s	ok
10312f00	to_char_type	ok
10312f10	xsputn	ok
10313000	seekoff	ok
10313020	seekpos	ok
10313040	FUN_10313040	ok
10313050	FUN_10313050	ok
10313060	FUN_10313060	ok
10313090	FUN_10313090	ok
103130c0	FUN_103130c0	ok
10313110	FUN_10313110	ok
103131a0	gptr	ok
103131c0	pptr	ok
103131e0	gbump	ok
10313220	_Gninc	ok
10313270	_Gnavail	ok
103132a0	pbump	ok
103132e0	_Pnavail	ok
10313310	fpos<int>	ok
10313350	copy_s<std::char_traits<char>_>	ok
10313380	FID_conflict:copy_s<std::char_traits<wchar_t>_>	ok
103133a0	FID_conflict:_Move_s	ok
103133c0	FUN_103133c0	ok
10313430	FUN_10313430	ok
103134d0	FUN_103134d0	ok
10313500	FUN_10313500	ok
10313570	_Init	ok
103135e0	setg	ok
10313620	setp	ok
10313660	FUN_10313660	ok
10313690	FUN_10313690	ok
103136c0	length	ok
103136e0	FUN_103136e0	ok
10313800	FUN_10313800	ok
10313820	fail	ok
10313840	FUN_10313840	ok
10313860	FUN_10313860	ok
10313880	FID_conflict:`vbase_destructor'	ok
103138b0	FUN_103138b0	ok
10313910	FUN_10313910	ok
10313930	FUN_10313930	ok
10313960	FUN_10313960	ok
10313980	FUN_10313980	ok
103139b0	FID_conflict:`scalar_deleting_destructor'	ok
103139f0	FUN_103139f0	ok
10313a80	FUN_10313a80	ok
10313b10	FUN_10313b10	ok
10313b30	FUN_10313b30	ok
10313b60	FUN_10313b60	ok
10313b80	FUN_10313b80	ok
10313bb0	FUN_10313bb0	ok
10313bd0	refcount_ptr<boost::exception_detail::error_info_container>	ok
10313c00	FUN_10313c00	ok
10313c30	FUN_10313c30	ok
10313cd0	FUN_10313cd0	ok
10313d70	FUN_10313d70	ok
10313dd0	FUN_10313dd0	ok
10313e50	FUN_10313e50	ok
10313e80	FUN_10313e80	ok
10313eb0	basic_istream<char,std::char_traits<char>_>	ok
10313f60	FUN_10313f60	ok
10313fc0	FUN_10313fc0	ok
10313fe0	init	ok
10314050	FUN_10314050	ok
103140e0	clear	ok
10314100	FUN_10314100	ok
10314290	FUN_10314290	ok
10314310	what	ok
10314330	FUN_10314330	ok
10314360	FUN_10314360	ok
103143d0	FID_conflict:bad_exception	ok
10314430	FUN_10314430	ok
103144a0	FUN_103144a0	ok
10314500	FUN_10314500	ok
10314530	FID_conflict:bad_exception	ok
10314590	basic_string<>	ok
103145d0	FUN_103145d0	ok
10314610	FUN_10314610	ok
10314630	setstate	ok
10314660	assign	ok
10314720	assign	ok
10314750	FUN_10314750	ok
103147d0	_String_val<>	ok
103147f0	clear	ok
10314830	assign	ok
103148c0	erase	ok
10314960	_Eos	ok
103149a0	FUN_103149a0	ok
103149b0	_Grow	ok
10314a50	_Myptr	ok
10314a80	FID_conflict:max_size	ok
10314ac0	FUN_10314ac0	ok
10314c40	allocate	ok
10314c60	_Inside	ok
10314ca0	widen	ok
10314d20	widen	ok
10314d40	FUN_10314d40	ok
10314db0	locale	ok
10314de0	max_size	ok
10314e10	FUN_10314e10	ok
10314f00	FUN_10314f00	ok
10314f90	FUN_10314f90	ok
10314fb0	_Getfacet	ok
10315040	FUN_10315040	ok
103150d0	ctype<char>	ok
103151b0	FUN_103151b0	ok
10315290	~_Locinfo	ok
10315330	FID_conflict:bad_exception	ok
10315390	FUN_10315390	ok
103153b0	facet	ok
103153e0	FUN_103153e0	ok
10315410	FUN_10315410	ok
10315470	FUN_10315470	ok
103154a0	_Init	ok
103154e0	_Getctype	ok
10315530	_Tidy	ok
10315580	FUN_10315580	ok
103155b0	FID_conflict:do_toupper	ok
103155f0	FUN_103155f0	ok
10315620	FID_conflict:do_toupper	ok
10315660	FUN_10315660	ok
10315670	do_widen	ok
103156a0	FUN_103156a0	ok
103156e0	FUN_103156e0	ok
103156f0	do_narrow	ok
10315730	FUN_10315730	ok
10315770	FUN_10315770	ok
103157a0	~ctype<char>	ok
10315800	basic_string<>	ok
10315830	_Allocate<char>	ok
10315880	FUN_10315880	ok
103158e0	FUN_103158e0	ok
10315940	FUN_10315940	ok
10315970	FID_conflict:bad_exception	ok
103159d0	move_s<std::char_traits<char>_>	ok
10315a00	FID_conflict:copy_s<std::char_traits<wchar_t>_>	ok
10315a20	FID_conflict:_Move_s	ok
10315a40	FUN_10315a40	ok
10315bd0	FID_conflict:~bad_alloc	ok
10315c20	FUN_10315c20	ok
10315c40	FUN_10315c40	ok
10315cb0	FUN_10315cb0	ok
10315ea0	is	ok
10315ed0	FUN_10315ed0	ok
10315ef0	FUN_10315ef0	ok
10315f10	flush	ok
10315f80	sgetc	ok
10315fd0	FUN_10315fd0	ok
10316050	FUN_10316050	ok
103160a0	pubsync	ok
103160c0	sbumpc	ok
10316110	FUN_10316110	ok
10316130	FUN_10316130	ok
10316170	FUN_10316170	ok
10316190	FUN_10316190	ok
103161b0	FUN_103161b0	ok
103162f0	FUN_103162f0	ok
10316380	FUN_10316380	ok
10316410	FUN_10316410	ok
103164b0	FUN_103164b0	ok
103164e0	FUN_103164e0	ok
10316540	FUN_10316540	ok
10316570	FUN_10316570	ok
10316590	precision	ok
103165c0	FUN_103165c0	ok
10316620	FUN_10316620	ok
10316680	FUN_10316680	ok
10316770	FUN_10316770	ok
103167f0	FUN_103167f0	ok
10316870	FUN_10316870	ok
10316940	FUN_10316940	ok
10316960	FUN_10316960	ok
103169b0	operator=	ok
103169d0	adopt	ok
10316a00	FUN_10316a00	ok
10316a20	FUN_10316a20	ok
10316ab0	FID_conflict:money_put<char,std::ostreambuf_iterator<char,std::char_traits<char>_>_>	ok
10316b60	FUN_10316b60	ok
10316de0	FUN_10316de0	ok
10316e00	append	ok
10316e30	append	ok
10316f00	FUN_10316f00	ok
10316f70	FUN_10316f70	ok
10316fe0	FUN_10316fe0	ok
103170d0	operator+=	ok
103170f0	append	ok
10317170	_Chassign	ok
103171c0	assign	ok
103171e0	FUN_103171e0	ok
10317270	numpunct<char>	ok
10317360	_Getcvt	ok
10317390	FUN_10317390	ok
103173b0	FUN_103173b0	ok
103173d0	FUN_103173d0	ok
10317440	FUN_10317440	ok
103174b0	FUN_103174b0	ok
10317520	FUN_10317520	ok
10317550	FID_conflict:~CMenu	ok
103175b0	FUN_103175b0	ok
10317600	FUN_10317600	ok
10317760	_Getlconv	ok
10317770	FUN_10317770	ok
10317780	FUN_10317780	ok
10317790	FUN_10317790	ok
10317800	basic_string<char,std::char_traits<char>,std::allocator<char>_>	ok
10317840	FUN_10317840	ok
10317890	FUN_10317890	ok
103179f0	FUN_103179f0	ok
10317b50	FUN_10317b50	ok
10317c70	FUN_10317c70	ok
10317d90	FUN_10317d90	ok
10317eb0	FUN_10317eb0	ok
10317fd0	FUN_10317fd0	ok
103180e0	FUN_103180e0	ok
103181f0	FUN_103181f0	ok
10318300	FUN_10318300	ok
10318450	FUN_10318450	ok
10318480	FUN_10318480	ok
103184e0	FUN_103184e0	ok
103189a0	FUN_103189a0	ok
103189d0	thousands_sep	ok
103189f0	FUN_103189f0	ok
10318a60	_Maklocchr<char>	ok
10318a70	_Getffld	ok
10319210	decimal_point	ok
10319230	operator*	ok
10319260	FUN_10319260	ok
10319280	_Inc	ok
103192e0	_Peek	ok
10319350	_Getloctxt<char,std::istreambuf_iterator<char,std::char_traits<char>_>_>	ok
10319590	operator==<char,std::char_traits<char>_>	ok
103195b0	operator!=<char,std::char_traits<char>_>	ok
103195d0	equal	ok
10319640	Init	ok
10319670	FUN_10319670	ok
103196b0	FUN_103196b0	ok
10319860	FUN_10319860	ok
10319980	FUN_10319980	ok
10319a60	FUN_10319a60	ok
10319a80	FUN_10319a80	ok
10319e80	FUN_10319e80	ok
10319f00	FUN_10319f00	ok
10319f70	operator=	ok
10319f90	~SchedulingNode	ok
10319ff0	FUN_10319ff0	ok
1031a040	FID_conflict:~bad_alloc	ok
1031a090	FUN_1031a090	ok
1031a0e0	FID_conflict:~bad_alloc	ok
1031a130	FID_conflict:assign	ok
1031a160	FUN_1031a160	ok
1031a1d0	FUN_1031a1d0	ok
1031a1f0	FUN_1031a1f0	ok
1031a210	FUN_1031a210	ok
1031a230	FUN_1031a230	ok
1031a280	allocator<>	ok
1031a290	~_ExceptionPtr_normal	ok
1031a2e0	FUN_1031a2e0	ok
1031a310	FUN_1031a310	ok
1031a340	FUN_1031a340	ok
1031a370	FUN_1031a370	ok
1031a3a0	FUN_1031a3a0	ok
1031a3c0	FUN_1031a3c0	ok
1031a440	FID_conflict:_Eos	ok
1031a480	assign	ok
1031a4a0	FID_conflict:_Myptr	ok
1031a4d0	FUN_1031a4d0	ok
1031a540	FUN_1031a540	ok
1031a5d0	FUN_1031a5d0	ok
1031a660	operator=	ok
1031a680	assign	ok
1031a6b0	append	ok
1031a780	FUN_1031a780	ok
1031a810	FUN_1031a810	ok
1031a8e0	FUN_1031a8e0	ok
1031a9b0	copy_s<>	ok
1031a9e0	FUN_1031a9e0	ok
1031aa20	FUN_1031aa20	ok
1031aa50	FUN_1031aa50	ok
1031aa70	FUN_1031aa70	ok
1031aaa0	FUN_1031aaa0	ok
1031ab20	FUN_1031ab20	ok
1031aba0	FID_conflict:copy_s<std::char_traits<wchar_t>_>	ok
1031abc0	FID_conflict:_Move_s	ok
1031abe0	FID_conflict:_wmemmove_s	ok
1031ac10	FUN_1031ac10	ok
1031ac50	FUN_1031ac50	ok
1031ac70	FUN_1031ac70	ok
1031acf0	FUN_1031acf0	ok
1031ad00	FUN_1031ad00	ok
1031ae20	FUN_1031ae20	ok
1031af40	FUN_1031af40	ok
1031b260	FUN_1031b260	ok
1031b290	FUN_1031b290	ok
1031b2c0	FUN_1031b2c0	ok
1031b320	FUN_1031b320	ok
1031b350	FUN_1031b350	ok
1031b380	FUN_1031b380	ok
1031b3b0	FUN_1031b3b0	ok
1031b3e0	FUN_1031b3e0	ok
1031b5c0	FUN_1031b5c0	ok
1031b5f0	FUN_1031b5f0	ok
1031b630	FUN_1031b630	ok
1031b650	FUN_1031b650	ok
1031b670	FUN_1031b670	ok
1031b690	FUN_1031b690	ok
1031b6e0	FID_conflict:begin	ok
1031b710	_String_iterator<>	ok
1031b730	FUN_1031b730	ok
1031b790	end	ok
1031b7c0	FUN_1031b7c0	ok
1031b7d0	FUN_1031b7d0	ok
1031b7f0	FUN_1031b7f0	ok
1031b820	FUN_1031b820	ok
1031b840	FUN_1031b840	ok
1031b870	FUN_1031b870	ok
1031b8c0	FUN_1031b8c0	ok
1031b960	FUN_1031b960	ok
1031b9f0	FUN_1031b9f0	ok
1031ba20	FUN_1031ba20	ok
1031ba60	FUN_1031ba60	ok
1031ba90	FUN_1031ba90	ok
1031bdd0	FUN_1031bdd0	ok
1031be30	FUN_1031be30	ok
1031bf00	reserve	ok
1031bf50	FUN_1031bf50	ok
1031bf80	FUN_1031bf80	ok
1031bfa0	FUN_1031bfa0	ok
1031bfc0	FUN_1031bfc0	ok
1031c010	FUN_1031c010	ok
1031c030	FUN_1031c030	ok
1031c040	FUN_1031c040	ok
1031c060	FUN_1031c060	ok
1031c3f0	FUN_1031c3f0	ok
1031c400	FUN_1031c400	ok
1031c880	FUN_1031c880	ok
1031c9c0	FUN_1031c9c0	ok
1031cc30	FUN_1031cc30	ok
1031cd70	FUN_1031cd70	ok
1031d2e0	FUN_1031d2e0	ok
1031d430	FUN_1031d430	ok
1031d5c0	FUN_1031d5c0	ok
1031d680	FUN_1031d680	ok
1031df50	FUN_1031df50	ok
1031dfa0	FUN_1031dfa0	ok
1031dfb0	FUN_1031dfb0	ok
1031e070	FUN_1031e070	ok
1031e0a0	FUN_1031e0a0	ok
1031e1d0	FUN_1031e1d0	ok
1031e250	FUN_1031e250	ok
1031e2d0	FUN_1031e2d0	ok
1031e310	FUN_1031e310	ok
1031e350	FUN_1031e350	ok
1031e370	FUN_1031e370	ok
1031e3f0	FUN_1031e3f0	ok
1031e4a0	insert	ok
1031e560	FUN_1031e560	ok
1031e5a0	FUN_1031e5a0	ok
1031e5c0	FUN_1031e5c0	ok
1031e640	FUN_1031e640	ok
1031e6b0	FUN_1031e6b0	ok
1031e6e0	FUN_1031e6e0	ok
1031e760	FUN_1031e760	ok
1031e7a0	FID_conflict:assign	ok
1031e860	FUN_1031e860	ok
1031e880	FID_conflict:erase	ok
1031e920	FUN_1031e920	ok
1031e940	FID_conflict:_Grow	ok
1031e9e0	FID_conflict:max_size	ok
1031ea20	FUN_1031ea20	ok
1031eba0	allocate	ok
1031ebc0	max_size	ok
1031ebf0	move_s<>	ok
1031ec20	_Allocate<>	ok
1031ec70	FID_conflict:copy_s<std::char_traits<wchar_t>_>	ok
1031ec90	FID_conflict:_Move_s	ok
1031ecb0	FID_conflict:_wmemmove_s	ok
1031ece0	FUN_1031ece0	ok
1031ed70	FUN_1031ed70	ok
1031edd0	FUN_1031edd0	ok
1031f010	FUN_1031f010	ok
1031f090	FUN_1031f090	ok
1031f410	FUN_1031f410	ok
1031f470	FUN_1031f470	ok
1031f840	FUN_1031f840	ok
1031fa90	FUN_1031fa90	ok
1031fb60	FUN_1031fb60	ok
1031fc10	basic_string<>	ok
1031fc50	FUN_1031fc50	ok
1031fc70	FID_conflict:assign	ok
1031fca0	length	ok
1031fcc0	FID_conflict:assign	ok
1031fd50	FID_conflict:_Inside	ok
1031fd90	FUN_1031fd90	ok
1031feb0	FUN_1031feb0	ok
1031ff60	FUN_1031ff60	ok
1031ff90	FUN_1031ff90	ok
103200a0	FUN_103200a0	ok
103203b0	FUN_103203b0	ok
10320440	FUN_10320440	ok
10320760	FUN_10320760	ok
10320780	FUN_10320780	ok
103207b0	FUN_103207b0	ok
10320b60	FUN_10320b60	ok
10320ba0	FUN_10320ba0	ok
10320bd0	FUN_10320bd0	ok
10320d90	FUN_10320d90	ok
10320e40	FUN_10320e40	ok
10322f60	FUN_10322f60	ok
10323730	FUN_10323730	ok
103241d0	FUN_103241d0	ok
10324210	FUN_10324210	ok
103242b0	FUN_103242b0	ok
10324420	FUN_10324420	ok
103244a0	FUN_103244a0	ok
10325030	FUN_10325030	ok
10325270	FUN_10325270	ok
10325310	FUN_10325310	ok
103255a0	FUN_103255a0	ok
10325630	FUN_10325630	ok
10325680	FUN_10325680	ok
103256e0	FUN_103256e0	ok
10325740	function<>	ok
103257a0	basic_string<>	ok
103257d0	FID_conflict:~bad_alloc	ok
10325820	FUN_10325820	ok
10325880	FUN_10325880	ok
103258e0	FUN_103258e0	ok
10325900	FUN_10325900	ok
10325930	FUN_10325930	ok
103259c0	FUN_103259c0	ok
10325a60	FUN_10325a60	ok
10325b00	FUN_10325b00	ok
10325b20	FUN_10325b20	ok
10325b90	FUN_10325b90	ok
10325be0	IsEnd	ok
10325c00	FUN_10325c00	ok
10325ce0	FUN_10325ce0	ok
10325d00	FUN_10325d00	ok
10325d20	FUN_10325d20	ok
10325d80	FUN_10325d80	ok
10325ed0	FUN_10325ed0	ok
10325f00	FUN_10325f00	ok
10325f70	FUN_10325f70	ok
10325f90	FUN_10325f90	ok
10326000	FID_conflict:_Chassign	ok
10326050	assign	ok
10326070	_wmemset	ok
103260b0	FUN_103260b0	ok
103260f0	FUN_103260f0	ok
10326120	basic_string<>	ok
10326160	FID_conflict:end	ok
10326190	FUN_10326190	ok
103261b0	FUN_103261b0	ok
103261f0	FUN_103261f0	ok
10326240	_String_iterator<>	ok
10326260	FUN_10326260	ok
10326280	FUN_10326280	ok
103262d0	FUN_103262d0	ok
103262f0	FUN_103262f0	ok
10326350	FUN_10326350	ok
103263d0	FUN_103263d0	ok
103264b0	FUN_103264b0	ok
10326540	FUN_10326540	ok
10326560	FUN_10326560	ok
10326640	FUN_10326640	ok
10326660	_wmemchr	ok
103266a0	FUN_103266a0	ok
10326770	FUN_10326770	ok
10326840	FUN_10326840	ok
103268f0	FUN_103268f0	ok
103269a0	FUN_103269a0	ok
10326a70	FUN_10326a70	ok
10326c30	FUN_10326c30	ok
10326df0	FUN_10326df0	ok
10326e70	FUN_10326e70	ok
10326fd0	FUN_10326fd0	ok
10327130	FUN_10327130	ok
10327150	FUN_10327150	ok
10327170	FUN_10327170	ok
10327230	FUN_10327230	ok
103272f0	FUN_103272f0	ok
103273b0	FUN_103273b0	ok
103273d0	FUN_103273d0	ok
103273f0	FUN_103273f0	ok
10327410	FUN_10327410	ok
10327430	FUN_10327430	ok
10327490	FUN_10327490	ok
103274f0	FUN_103274f0	ok
10327550	FUN_10327550	ok
103275b0	FUN_103275b0	ok
103275f0	FUN_103275f0	ok
10327630	FUN_10327630	ok
10327660	FUN_10327660	ok
10327750	FUN_10327750	ok
10327830	FUN_10327830	ok
103279a0	FUN_103279a0	ok
10327a70	FUN_10327a70	ok
10327be0	FUN_10327be0	ok
10327cb0	FUN_10327cb0	ok
10327d30	FUN_10327d30	ok
10327d90	FUN_10327d90	ok
10327e40	FUN_10327e40	ok
10327e60	FUN_10327e60	ok
10328010	FUN_10328010	ok
103281a0	FUN_103281a0	ok
103282f0	FUN_103282f0	ok
10328440	FUN_10328440	ok
10328610	FUN_10328610	ok
103286e0	FUN_103286e0	ok
103287e0	FUN_103287e0	ok
10328a70	FUN_10328a70	ok
10328b80	FUN_10328b80	ok
10328dc0	FUN_10328dc0	ok
10328e60	FUN_10328e60	ok
10329000	FUN_10329000	ok
103290b0	FUN_103290b0	ok
10329290	FUN_10329290	ok
10329330	FUN_10329330	ok
103294e0	FUN_103294e0	ok
103295f0	FUN_103295f0	ok
10329790	FUN_10329790	ok
10329a50	FUN_10329a50	ok
10329be0	FUN_10329be0	ok
10329cb0	FUN_10329cb0	ok
10329d90	FUN_10329d90	ok
10329df0	FUN_10329df0	ok
10329ee0	FUN_10329ee0	ok
1032a170	FUN_1032a170	ok
1032a200	FUN_1032a200	ok
1032a230	FUN_1032a230	ok
1032a2a0	FUN_1032a2a0	ok
1032a2c0	FUN_1032a2c0	ok
1032a3a0	FUN_1032a3a0	ok
1032a610	FUN_1032a610	ok
1032a720	FUN_1032a720	ok
1032a800	FUN_1032a800	ok
1032a870	FUN_1032a870	ok
1032a950	FUN_1032a950	ok
1032ab00	FUN_1032ab00	ok
1032abf0	FUN_1032abf0	ok
1032acd0	FUN_1032acd0	ok
1032ad40	FUN_1032ad40	ok
1032ae00	FUN_1032ae00	ok
1032af80	FUN_1032af80	ok
1032b130	FUN_1032b130	ok
1032b300	FUN_1032b300	ok
1032b430	FUN_1032b430	ok
1032b520	FUN_1032b520	ok
1032b620	FUN_1032b620	ok
1032b700	FUN_1032b700	ok
1032b7e0	FUN_1032b7e0	ok
1032b870	FUN_1032b870	ok
1032b920	FUN_1032b920	ok
1032bac0	FUN_1032bac0	ok
1032bc60	FUN_1032bc60	ok
1032bd50	FUN_1032bd50	ok
1032bf70	FUN_1032bf70	ok
1032c2f0	FUN_1032c2f0	ok
1032c360	FUN_1032c360	ok
1032c490	FUN_1032c490	ok
1032c4f0	FUN_1032c4f0	ok
1032c660	FUN_1032c660	ok
1032c830	FUN_1032c830	ok
1032c850	FUN_1032c850	ok
1032ca30	FUN_1032ca30	ok
1032cb00	FUN_1032cb00	ok
1032cce0	FUN_1032cce0	ok
1032cdb0	FUN_1032cdb0	ok
1032cdf0	FUN_1032cdf0	ok
1032ce30	FUN_1032ce30	ok
1032ce70	FUN_1032ce70	ok
1032ceb0	FUN_1032ceb0	ok
1032cef0	FUN_1032cef0	ok
1032cf30	FUN_1032cf30	ok
1032cf70	FUN_1032cf70	ok
1032cfb0	FUN_1032cfb0	ok
1032cff0	FUN_1032cff0	ok
1032d030	FUN_1032d030	ok
1032d070	FUN_1032d070	ok
1032d0b0	FUN_1032d0b0	ok
1032d0f0	FUN_1032d0f0	ok
1032d130	FUN_1032d130	ok
1032d170	FUN_1032d170	ok
1032d1b0	FUN_1032d1b0	ok
1032d1f0	FUN_1032d1f0	ok
1032d230	FUN_1032d230	ok
1032d270	FUN_1032d270	ok
1032d2b0	FUN_1032d2b0	ok
1032d2f0	FUN_1032d2f0	ok
1032d330	FUN_1032d330	ok
1032d370	FUN_1032d370	ok
1032d3b0	FUN_1032d3b0	ok
1032d3f0	FUN_1032d3f0	ok
1032d430	FUN_1032d430	ok
1032d470	FUN_1032d470	ok
1032d4e0	FUN_1032d4e0	ok
1032d550	FUN_1032d550	ok
1032d580	FUN_1032d580	ok
1032d600	FUN_1032d600	ok
1032d690	FUN_1032d690	ok
1032d6b0	FUN_1032d6b0	ok
1032d6d0	FUN_1032d6d0	ok
1032d770	FUN_1032d770	ok
1032d790	FUN_1032d790	ok
1032d7b0	FUN_1032d7b0	ok
1032d810	FUN_1032d810	ok
1032d870	FUN_1032d870	ok
1032d910	FUN_1032d910	ok
1032d990	FUN_1032d990	ok
1032da20	FUN_1032da20	ok
1032dab0	FUN_1032dab0	ok
1032daf0	FID_conflict:begin	ok
1032db20	FUN_1032db20	ok
1032db60	FUN_1032db60	ok
1032db80	function<>	ok
1032dbe0	FID_conflict:~bad_alloc	ok
1032dc30	FUN_1032dc30	ok
1032dc50	FUN_1032dc50	ok
1032dc70	FUN_1032dc70	ok
1032dca0	FUN_1032dca0	ok
1032dcd0	FUN_1032dcd0	ok
1032dd30	FUN_1032dd30	ok
1032dd50	FUN_1032dd50	ok
1032ddc0	FUN_1032ddc0	ok
1032de00	FID_conflict:bad_exception	ok
1032de60	FUN_1032de60	ok
1032ded0	FUN_1032ded0	ok
1032df00	FUN_1032df00	ok
1032df20	FUN_1032df20	ok
1032dfc0	FUN_1032dfc0	ok
1032e020	FUN_1032e020	ok
1032e080	FUN_1032e080	ok
1032e0a0	FUN_1032e0a0	ok
1032e0c0	FUN_1032e0c0	ok
1032e0e0	FUN_1032e0e0	ok
1032e100	FUN_1032e100	ok
1032e160	FUN_1032e160	ok
1032e1c0	FID_conflict:~bad_alloc	ok
1032e210	FUN_1032e210	ok
1032e240	FUN_1032e240	ok
1032e280	FUN_1032e280	ok
1032e2a0	FUN_1032e2a0	ok
1032e2e0	FUN_1032e2e0	ok
1032e310	FUN_1032e310	ok
1032e380	FUN_1032e380	ok
1032e3b0	FUN_1032e3b0	ok
1032e3f0	FUN_1032e3f0	ok
1032e410	FUN_1032e410	ok
1032e440	FUN_1032e440	ok
1032e4b0	FUN_1032e4b0	ok
1032e510	FUN_1032e510	ok
1032e540	FUN_1032e540	ok
1032e570	FUN_1032e570	ok
1032e5a0	FUN_1032e5a0	ok
1032e5d0	FUN_1032e5d0	ok
1032e600	FUN_1032e600	ok
1032e630	FUN_1032e630	ok
1032e650	FUN_1032e650	ok
1032e670	FUN_1032e670	ok
1032e6a0	FUN_1032e6a0	ok
1032e6d0	FUN_1032e6d0	ok
1032e700	FUN_1032e700	ok
1032e730	FUN_1032e730	ok
1032e760	FUN_1032e760	ok
1032e790	FUN_1032e790	ok
1032e7c0	FUN_1032e7c0	ok
1032e7f0	FUN_1032e7f0	ok
1032e820	FUN_1032e820	ok
1032e850	FUN_1032e850	ok
1032e880	FUN_1032e880	ok
1032e8b0	FUN_1032e8b0	ok
1032e8e0	FUN_1032e8e0	ok
1032e910	FUN_1032e910	ok
1032e940	FUN_1032e940	ok
1032e970	FUN_1032e970	ok
1032e9a0	FUN_1032e9a0	ok
1032e9d0	FUN_1032e9d0	ok
1032ea20	FUN_1032ea20	ok
1032ea50	FUN_1032ea50	ok
1032ea80	FUN_1032ea80	ok
1032eab0	FUN_1032eab0	ok
1032eae0	FUN_1032eae0	ok
1032eb00	FUN_1032eb00	ok
1032eb30	FUN_1032eb30	ok
1032eb70	FUN_1032eb70	ok
1032eba0	FUN_1032eba0	ok
1032ebd0	FUN_1032ebd0	ok
1032ebf0	FUN_1032ebf0	ok
1032ec20	FUN_1032ec20	ok
1032ed00	FUN_1032ed00	ok
1032ed20	FUN_1032ed20	ok
1032ed90	FUN_1032ed90	ok
1032ee10	FUN_1032ee10	ok
1032eec0	FUN_1032eec0	ok
1032ef10	FUN_1032ef10	ok
1032ef40	FUN_1032ef40	ok
1032ef60	FUN_1032ef60	ok
1032ef80	FUN_1032ef80	ok
1032f0d0	FUN_1032f0d0	ok
1032f140	FUN_1032f140	ok
1032f160	FUN_1032f160	ok
1032f1e0	FUN_1032f1e0	ok
1032f1f0	FUN_1032f1f0	ok
1032f210	FUN_1032f210	ok
1032f230	FUN_1032f230	ok
1032f260	FUN_1032f260	ok
1032f280	FUN_1032f280	ok
1032f2a0	FUN_1032f2a0	ok
1032f340	FUN_1032f340	ok
1032f360	FUN_1032f360	ok
1032f370	FUN_1032f370	ok
1032f390	FUN_1032f390	ok
1032f4e0	FUN_1032f4e0	ok
1032f580	FUN_1032f580	ok
1032f5a0	FUN_1032f5a0	ok
1032f5c0	FUN_1032f5c0	ok
1032f5e0	FUN_1032f5e0	ok
1032f6c0	FID_conflict:bad_exception	ok
1032f720	FID_conflict:bad_exception	ok
1032f780	FUN_1032f780	ok
1032f7e0	FUN_1032f7e0	ok
1032f810	FUN_1032f810	ok
1032f840	FID_conflict:~bad_alloc	ok
1032f890	FUN_1032f890	ok
1032f8c0	FUN_1032f8c0	ok
1032f8e0	FUN_1032f8e0	ok
1032f910	FUN_1032f910	ok
1032f940	FUN_1032f940	ok
1032f970	FUN_1032f970	ok
1032fa10	FUN_1032fa10	ok
1032fa50	FUN_1032fa50	ok
1032fa70	FUN_1032fa70	ok
1032fab0	FUN_1032fab0	ok
1032fad0	FUN_1032fad0	ok
1032faf0	FUN_1032faf0	ok
1032fb90	FUN_1032fb90	ok
1032fba0	FUN_1032fba0	ok
1032fc10	FUN_1032fc10	ok
1032fc20	FUN_1032fc20	ok
1032fc90	FUN_1032fc90	ok
1032fd00	FUN_1032fd00	ok
1032fd20	eof	ok
1032fd30	FUN_1032fd30	ok
1032fd50	FUN_1032fd50	ok
1032fd60	FUN_1032fd60	ok
1032fd80	FUN_1032fd80	ok
1032fda0	FUN_1032fda0	ok
1032fdc0	FUN_1032fdc0	ok
1032fed0	FUN_1032fed0	ok
1032ff80	FUN_1032ff80	ok
1032ffa0	FUN_1032ffa0	ok
1032ffc0	FUN_1032ffc0	ok
103300d0	FUN_103300d0	ok
103300e0	FUN_103300e0	ok
10330110	FUN_10330110	ok
10330140	FUN_10330140	ok
10330160	FUN_10330160	ok
10330180	FUN_10330180	ok
103301b0	FUN_103301b0	ok
103301d0	FUN_103301d0	ok
103301f0	FUN_103301f0	ok
10330220	FUN_10330220	ok
10330260	FUN_10330260	ok
10330280	FUN_10330280	ok
103302c0	FUN_103302c0	ok
103302f0	FUN_103302f0	ok
10330310	FUN_10330310	ok
103303b0	FUN_103303b0	ok
103303f0	FUN_103303f0	ok
10330470	FUN_10330470	ok
103304f0	FUN_103304f0	ok
10330560	FUN_10330560	ok
10330590	FUN_10330590	ok
10330630	FUN_10330630	ok
10330670	FID_conflict:end	ok
103306a0	FUN_103306a0	ok
103306e0	FUN_103306e0	ok
10330760	FUN_10330760	ok
103307e0	FUN_103307e0	ok
10330850	FUN_10330850	ok
10330880	FUN_10330880	ok
103308c0	FUN_103308c0	ok
103308f0	FUN_103308f0	ok
10330920	FUN_10330920	ok
10330960	FUN_10330960	ok
103309e0	FUN_103309e0	ok
10330a60	FUN_10330a60	ok
10330ad0	FUN_10330ad0	ok
10330b00	FID_conflict:bad_exception	ok
10330b60	FID_conflict:insert	ok
10330c30	FUN_10330c30	ok
10330c60	FUN_10330c60	ok
10330c80	FUN_10330c80	ok
10330c90	FUN_10330c90	ok
10330cb0	FUN_10330cb0	ok
10330cc0	FUN_10330cc0	ok
10330ce0	FUN_10330ce0	ok
10330d00	FUN_10330d00	ok
10330d20	FUN_10330d20	ok
10330d70	FUN_10330d70	ok
10330de0	FUN_10330de0	ok
10330df0	FUN_10330df0	ok
10330e00	FUN_10330e00	ok
10330e70	FUN_10330e70	ok
10330ef0	FUN_10330ef0	ok
10330f00	FUN_10330f00	ok
10330f10	FUN_10330f10	ok
10330f80	FUN_10330f80	ok
10331000	FUN_10331000	ok
10331030	FID_conflict:~bad_alloc	ok
10331080	FUN_10331080	ok
10331090	FUN_10331090	ok
10331100	FUN_10331100	ok
10331180	FUN_10331180	ok
103311b0	FID_conflict:~bad_alloc	ok
10331200	FUN_10331200	ok
10331240	FUN_10331240	ok
10331260	FUN_10331260	ok
10331280	FUN_10331280	ok
10331290	FUN_10331290	ok
103312f0	FUN_103312f0	ok
103313c0	FUN_103313c0	ok
103313e0	FUN_103313e0	ok
10331410	FUN_10331410	ok
10331440	FUN_10331440	ok
10331480	FUN_10331480	ok
103314a0	operator_union_tagCY	ok
103314c0	FUN_103314c0	ok
10331550	FUN_10331550	ok
10331570	FUN_10331570	ok
103315a0	FUN_103315a0	ok
103315c0	FUN_103315c0	ok
103315d0	FUN_103315d0	ok
10331660	FUN_10331660	ok
10331690	FUN_10331690	ok
103316b0	FUN_103316b0	ok
103319c0	FUN_103319c0	ok
10331a40	FID_conflict:bad_exception	ok
10331aa0	FUN_10331aa0	ok
10331b00	FUN_10331b00	ok
10331b30	FUN_10331b30	ok
10331b50	FUN_10331b50	ok
10331e80	FUN_10331e80	ok
10331f00	FUN_10331f00	ok
10331f40	FUN_10331f40	ok
10331f60	FUN_10331f60	ok
10331f90	FUN_10331f90	ok
10332300	FUN_10332300	ok
10332380	FUN_10332380	ok
103323a0	_Vector_iterator<>	ok
103323c0	FUN_103323c0	ok
10332400	FUN_10332400	ok
10332420	FUN_10332420	ok
10332460	FUN_10332460	ok
10332480	FUN_10332480	ok
103324c0	FUN_103324c0	ok
103324e0	FID_conflict:bad_exception	ok
10332540	FUN_10332540	ok
103325a0	operator=	ok
103325c0	FUN_103325c0	ok
10332610	FUN_10332610	ok
10332660	HasWorkPending	ok
103326a0	FUN_103326a0	ok
103326b0	FUN_103326b0	ok
103326c0	FUN_103326c0	ok
103326d0	FUN_103326d0	ok
103326f0	FUN_103326f0	ok
10332710	FUN_10332710	ok
10332720	FUN_10332720	ok
10332730	FUN_10332730	ok
10332760	FUN_10332760	ok
103327a0	max_size	ok
103327d0	FUN_103327d0	ok
103327f0	FUN_103327f0	ok
10332840	FUN_10332840	ok
10332880	FUN_10332880	ok
103328a0	FUN_103328a0	ok
103328e0	FUN_103328e0	ok
10332920	FUN_10332920	ok
10332940	FID_conflict:assign	ok
10332970	FUN_10332970	ok
10332a00	FUN_10332a00	ok
10332a60	FUN_10332a60	ok
10332ab0	FUN_10332ab0	ok
10332b10	FUN_10332b10	ok
10332b70	FUN_10332b70	ok
10332bd0	FUN_10332bd0	ok
10332bf0	FUN_10332bf0	ok
10332c90	FUN_10332c90	ok
10332cb0	FUN_10332cb0	ok
10332ce0	FUN_10332ce0	ok
10332ed0	FUN_10332ed0	ok
103330c0	FUN_103330c0	ok
103331e0	FUN_103331e0	ok
10333210	FUN_10333210	ok
10333230	FUN_10333230	ok
10333270	FUN_10333270	ok
10333390	FUN_10333390	ok
103334a0	FUN_103334a0	ok
103335b0	FUN_103335b0	ok
10333780	FUN_10333780	ok
103337e0	FUN_103337e0	ok
103339b0	FUN_103339b0	ok
10333a10	FUN_10333a10	ok
10333ac0	FUN_10333ac0	ok
10333af0	FUN_10333af0	ok
10333bc0	FUN_10333bc0	ok
10333be0	FUN_10333be0	ok
10333c60	FUN_10333c60	ok
10333cd0	FUN_10333cd0	ok
10333d80	FID_conflict:bad_exception	ok
10333de0	FUN_10333de0	ok
10333e10	FUN_10333e10	ok
10333e30	FUN_10333e30	ok
10333e50	FUN_10333e50	ok
10333e70	FUN_10333e70	ok
10333e90	FUN_10333e90	ok
10333eb0	FUN_10333eb0	ok
10333ef0	FUN_10333ef0	ok
10333f40	FUN_10333f40	ok
10333f90	FUN_10333f90	ok
10333ff0	FUN_10333ff0	ok
10334010	compare	ok
10334040	FUN_10334040	ok
103340f0	FUN_103340f0	ok
10334110	FUN_10334110	ok
10334130	FUN_10334130	ok
10334150	compare	ok
10334180	FUN_10334180	ok
103341b0	FUN_103341b0	ok
103341e0	FUN_103341e0	ok
10334210	FUN_10334210	ok
10334230	FUN_10334230	ok
10334250	FUN_10334250	ok
103342a0	FUN_103342a0	ok
103342f0	FUN_103342f0	ok
10334320	FUN_10334320	ok
10334350	FUN_10334350	ok
10334370	FUN_10334370	ok
103343c0	FUN_103343c0	ok
10334430	FUN_10334430	ok
10334450	FUN_10334450	ok
103344c0	FUN_103344c0	ok
103344f0	imaxabs	ok
10334530	FUN_10334530	ok
10334540	FUN_10334540	ok
103346c0	FUN_103346c0	ok
10334730	FUN_10334730	ok
10334770	FUN_10334770	ok
103347b0	FUN_103347b0	ok
103347f0	FUN_103347f0	ok
103348a0	FUN_103348a0	ok
10334950	FUN_10334950	ok
10334ac0	FUN_10334ac0	ok
10334af0	FUN_10334af0	ok
10334b20	FUN_10334b20	ok
10334b50	HasWorkPending	ok
10334b90	FUN_10334b90	ok
10334bf0	DoMessageBox	ok
10334c20	FUN_10334c20	ok
10334c50	FUN_10334c50	ok
10334cc0	DoMessageBox	ok
10334cf0	FUN_10334cf0	ok
10334d20	FUN_10334d20	ok
10334d90	FUN_10334d90	ok
10334dd0	DoMessageBox	ok
10334e00	FUN_10334e00	ok
10334e30	FUN_10334e30	ok
10334ea0	FUN_10334ea0	ok
10334ef0	FUN_10334ef0	ok
10334f50	FUN_10334f50	ok
10334ff0	FUN_10334ff0	ok
10335090	FUN_10335090	ok
10335130	FUN_10335130	ok
103351d0	FID_conflict:bad_exception	ok
10335230	FUN_10335230	ok
10335290	FUN_10335290	ok
103352a0	FID_conflict:~bad_alloc	ok
103352f0	FID_conflict:bad_exception	ok
10335350	FUN_10335350	ok
103353f0	FUN_103353f0	ok
10335490	FID_conflict:bad_exception	ok
103354f0	FUN_103354f0	ok
10335590	FUN_10335590	ok
10335630	FID_conflict:bad_exception	ok
10335690	FUN_10335690	ok
103356c0	FUN_103356c0	ok
103356f0	FUN_103356f0	ok
10335720	FUN_10335720	ok
10335750	FUN_10335750	ok
10335780	FUN_10335780	ok
103357b0	FUN_103357b0	ok
103357e0	FUN_103357e0	ok
10335810	FUN_10335810	ok
10335840	compare	ok
10335870	FUN_10335870	ok
10335900	FUN_10335900	ok
10335960	FUN_10335960	ok
103359f0	FUN_103359f0	ok
10335a50	FUN_10335a50	ok
10335ab0	FUN_10335ab0	ok
10335b10	FUN_10335b10	ok
10335b30	FUN_10335b30	ok
10335b60	FUN_10335b60	ok
10335bd0	FUN_10335bd0	ok
10335c40	FUN_10335c40	ok
10335c70	FUN_10335c70	ok
10335d90	FUN_10335d90	ok
10335e10	operator=	ok
10335e30	FUN_10335e30	ok
10335e90	FUN_10335e90	ok
10335fe0	FUN_10335fe0	ok
10336050	FUN_10336050	ok
103360b0	FUN_103360b0	ok
10336140	FUN_10336140	ok
103361d0	FUN_103361d0	ok
10336270	FUN_10336270	ok
103362a0	FUN_103362a0	ok
10336330	FUN_10336330	ok
103363c0	FUN_103363c0	ok
10336460	FUN_10336460	ok
10336490	FUN_10336490	ok
10336520	FUN_10336520	ok
103365b0	FUN_103365b0	ok
10336650	FUN_10336650	ok
10336680	FUN_10336680	ok
10336710	FUN_10336710	ok
103367a0	FUN_103367a0	ok
10336840	FUN_10336840	ok
10336870	FUN_10336870	ok
103368a0	FUN_103368a0	ok
103368f0	FUN_103368f0	ok
10336910	FUN_10336910	ok
10336940	Decwref	ok
10336970	FUN_10336970	ok
103369a0	FUN_103369a0	ok
103369f0	FUN_103369f0	ok
10336aa0	FUN_10336aa0	ok
10336ae0	FUN_10336ae0	ok
10336b20	FUN_10336b20	ok
10336b30	FUN_10336b30	ok
10336ba0	FUN_10336ba0	ok
10336bd0	FUN_10336bd0	ok
10336c00	FUN_10336c00	ok
10336ce0	FUN_10336ce0	ok
10336de0	FUN_10336de0	ok
10336ee0	FUN_10336ee0	ok
10336f60	FUN_10336f60	ok
10336f80	FUN_10336f80	ok
10337030	FUN_10337030	ok
10337130	FUN_10337130	ok
10337230	FUN_10337230	ok
10337250	FUN_10337250	ok
10337300	FUN_10337300	ok
10337360	FUN_10337360	ok
103373c0	FUN_103373c0	ok
10337420	FUN_10337420	ok
10337480	FUN_10337480	ok
10337530	FUN_10337530	ok
103375e0	FUN_103375e0	ok
10337690	FUN_10337690	ok
103376c0	FUN_103376c0	ok
103376f0	FUN_103376f0	ok
10337710	FUN_10337710	ok
10337740	FUN_10337740	ok
10337770	FUN_10337770	ok
10337840	FUN_10337840	ok
10337860	FUN_10337860	ok
103378b0	FUN_103378b0	ok
103378c0	FUN_103378c0	ok
10337910	FUN_10337910	ok
10337970	_Char_traits_cat<>	ok
10337980	FUN_10337980	ok
103379a0	FUN_103379a0	ok
103379c0	FUN_103379c0	ok
10337a80	FUN_10337a80	ok
10337ae0	FUN_10337ae0	ok
10337b40	FUN_10337b40	ok
10337ba0	FUN_10337ba0	ok
10337c00	FUN_10337c00	ok
10337c50	FUN_10337c50	ok
10337c80	FUN_10337c80	ok
10337cc0	FUN_10337cc0	ok
10337d10	FUN_10337d10	ok
10337d40	FUN_10337d40	ok
10337d80	_Destroy_range<>	ok
10337db0	FUN_10337db0	ok
10337e00	_Destroy_range<>	ok
10337e30	FUN_10337e30	ok
10337e90	FUN_10337e90	ok
10337ea0	FUN_10337ea0	ok
10337f10	FUN_10337f10	ok
10337f60	FUN_10337f60	ok
10338000	FUN_10338000	ok
103380a0	FUN_103380a0	ok
10338120	FUN_10338120	ok
103381b0	FUN_103381b0	ok
10338220	FUN_10338220	ok
10338270	FUN_10338270	ok
10338310	FUN_10338310	ok
103383b0	FUN_103383b0	ok
10338430	~_ExceptionPtr_normal	ok
10338480	~_ExceptionPtr_normal	ok
103384d0	~_ExceptionPtr_normal	ok
10338520	FUN_10338520	ok
10338550	FUN_10338550	ok
10338580	FUN_10338580	ok
103385f0	FUN_103385f0	ok
10338620	FUN_10338620	ok
10338640	FUN_10338640	ok
10338670	FUN_10338670	ok
103386a0	FUN_103386a0	ok
10338710	FUN_10338710	ok
10338730	FUN_10338730	ok
10338750	FUN_10338750	ok
10338830	FUN_10338830	ok
10338850	reserve	ok
103388a0	FUN_103388a0	ok
103388b0	FUN_103388b0	ok
10338970	FUN_10338970	ok
103389d0	FUN_103389d0	ok
10338a10	FUN_10338a10	ok
10338a30	FUN_10338a30	ok
10338a50	FUN_10338a50	ok
10338a70	FUN_10338a70	ok
10338a90	FUN_10338a90	ok
10338af0	FUN_10338af0	ok
10338b10	FUN_10338b10	ok
10338b80	FUN_10338b80	ok
10338be0	FUN_10338be0	ok
10338c50	FUN_10338c50	ok
10338cd0	FUN_10338cd0	ok
10338da0	FUN_10338da0	ok
10338e20	FUN_10338e20	ok
10338ef0	FUN_10338ef0	ok
10338f70	FUN_10338f70	ok
10339040	FUN_10339040	ok
103390c0	FUN_103390c0	ok
10339190	FUN_10339190	ok
10339220	FUN_10339220	ok
103392b0	FUN_103392b0	ok
10339350	FUN_10339350	ok
10339380	FUN_10339380	ok
10339410	FUN_10339410	ok
103394a0	FUN_103394a0	ok
10339540	FUN_10339540	ok
10339570	FUN_10339570	ok
103395d0	FUN_103395d0	ok
10339630	FUN_10339630	ok
10339690	~_ExceptionPtr_normal	ok
103396e0	~_ExceptionPtr_normal	ok
10339730	FUN_10339730	ok
10339810	FUN_10339810	ok
10339830	FUN_10339830	ok
10339850	Swap	ok
10339880	FUN_10339880	ok
103398b0	FUN_103398b0	ok
10339920	reset<__ExceptionPtr>	ok
10339990	FUN_10339990	ok
103399f0	FUN_103399f0	ok
10339a50	reset<__ExceptionPtr>	ok
10339ac0	FUN_10339ac0	ok
10339b20	FUN_10339b20	ok
10339b80	FUN_10339b80	ok
10339bb0	FUN_10339bb0	ok
10339c20	FUN_10339c20	ok
10339c50	FUN_10339c50	ok
10339c80	FUN_10339c80	ok
10339cc0	FUN_10339cc0	ok
10339d00	FUN_10339d00	ok
10339d30	FUN_10339d30	ok
10339d60	FUN_10339d60	ok
10339d70	FUN_10339d70	ok
10339e30	FUN_10339e30	ok
10339e70	FUN_10339e70	ok
10339eb0	FUN_10339eb0	ok
10339ed0	FUN_10339ed0	ok
10339f10	FUN_10339f10	ok
10339f30	FUN_10339f30	ok
10339f80	FUN_10339f80	ok
1033a080	FUN_1033a080	ok
1033a0c0	FUN_1033a0c0	ok
1033a100	FUN_1033a100	ok
1033a140	FUN_1033a140	ok
1033a1c0	FUN_1033a1c0	ok
1033a1d0	FUN_1033a1d0	ok
1033a200	FUN_1033a200	ok
1033a220	FUN_1033a220	ok
1033a2a0	FUN_1033a2a0	ok
1033a370	FUN_1033a370	ok
1033a3f0	FUN_1033a3f0	ok
1033a4c0	FUN_1033a4c0	ok
1033a4e0	FUN_1033a4e0	ok
1033a560	FUN_1033a560	ok
1033a5e0	FUN_1033a5e0	ok
1033a620	FUN_1033a620	ok
1033a650	FUN_1033a650	ok
1033a690	FUN_1033a690	ok
1033a6d0	FUN_1033a6d0	ok
1033a710	FUN_1033a710	ok
1033a750	FUN_1033a750	ok
1033a790	FUN_1033a790	ok
1033a7b0	FUN_1033a7b0	ok
1033a7f0	FUN_1033a7f0	ok
1033a830	FUN_1033a830	ok
1033a890	FUN_1033a890	ok
1033a8f0	FUN_1033a8f0	ok
1033a910	FUN_1033a910	ok
1033a950	FUN_1033a950	ok
1033a990	FUN_1033a990	ok
1033aad0	FUN_1033aad0	ok
1033ab10	FUN_1033ab10	ok
1033abe0	FUN_1033abe0	ok
1033acb0	FUN_1033acb0	ok
1033acf0	FUN_1033acf0	ok
1033ad30	FUN_1033ad30	ok
1033ad70	FUN_1033ad70	ok
1033b090	FUN_1033b090	ok
1033b3b0	FUN_1033b3b0	ok
1033b3f0	FUN_1033b3f0	ok
1033b420	FUN_1033b420	ok
1033b450	FUN_1033b450	ok
1033b490	FUN_1033b490	ok
1033b4e0	FUN_1033b4e0	ok
1033b800	FUN_1033b800	ok
1033bb20	FUN_1033bb20	ok
1033bb30	FUN_1033bb30	ok
1033bba0	_Ref_count_base	ok
1033bbd0	FUN_1033bbd0	ok
1033bbf0	Destroy	ok
1033bc30	FUN_1033bc30	ok
1033bc60	FUN_1033bc60	ok
1033bc80	FUN_1033bc80	ok
1033bcf0	FUN_1033bcf0	ok
1033bd10	FUN_1033bd10	ok
1033bd40	FUN_1033bd40	ok
1033bd70	FID_conflict:~bad_alloc	ok
1033bdc0	FID_conflict:~bad_alloc	ok
1033be10	FID_conflict:StaticDelete	ok
1033be50	FID_conflict:StaticDelete	ok
1033be90	FUN_1033be90	ok
1033c1b0	FUN_1033c1b0	ok
1033c4d0	FUN_1033c4d0	ok
1033c7f0	FUN_1033c7f0	ok
1033c820	FUN_1033c820	ok
1033cb40	FUN_1033cb40	ok
1033cb70	FUN_1033cb70	ok
1033cba0	FUN_1033cba0	ok
1033cbd0	FUN_1033cbd0	ok
1033cc00	FUN_1033cc00	ok
1033cc30	FUN_1033cc30	ok
1033cc60	FUN_1033cc60	ok
1033cc90	FUN_1033cc90	ok
1033ccc0	FUN_1033ccc0	ok
1033cd30	FUN_1033cd30	ok
1033cda0	FUN_1033cda0	ok
1033cdd0	FUN_1033cdd0	ok
1033ce00	FUN_1033ce00	ok
1033ce10	FUN_1033ce10	ok
1033ce40	FUN_1033ce40	ok
1033ce70	FUN_1033ce70	ok
1033ce90	FUN_1033ce90	ok
1033cec0	FUN_1033cec0	ok
1033cee0	FUN_1033cee0	ok
1033cf00	FUN_1033cf00	ok
1033cf20	FUN_1033cf20	ok
1033cf40	FUN_1033cf40	ok
1033cf60	FUN_1033cf60	ok
1033cf80	FUN_1033cf80	ok
1033cfa0	FUN_1033cfa0	ok
1033cfc0	FUN_1033cfc0	ok
1033cfd0	FUN_1033cfd0	ok
1033cff0	FUN_1033cff0	ok
1033d010	FUN_1033d010	ok
1033d030	FUN_1033d030	ok
1033d050	FUN_1033d050	ok
1033d070	FUN_1033d070	ok
1033d090	FUN_1033d090	ok
1033d0b0	FUN_1033d0b0	ok
1033d0d0	FUN_1033d0d0	ok
1033d100	FUN_1033d100	ok
1033d130	FUN_1033d130	ok
1033d160	GetSize	ok
1033d180	FUN_1033d180	ok
1033d1a0	FUN_1033d1a0	ok
1033d1c0	FUN_1033d1c0	ok
1033d1e0	FUN_1033d1e0	ok
1033d200	FUN_1033d200	ok
1033d270	FUN_1033d270	ok
1033d370	FUN_1033d370	ok
1033d470	FUN_1033d470	ok
1033d490	FUN_1033d490	ok
1033d4b0	FUN_1033d4b0	ok
1033d4d0	FUN_1033d4d0	ok
1033d4e0	FUN_1033d4e0	ok
1033d4f0	__msize	ok
1033d630	CMFCScanlinerBitmap	ok
1033d690	Reinitialize	ok
1033d6b0	FID_conflict:~CAtlWinModule	ok
1033d710	FUN_1033d710	ok
1033d740	FUN_1033d740	ok
1033d980	FUN_1033d980	ok
1033d9f0	FUN_1033d9f0	ok
1033daf0	FUN_1033daf0	ok
1033db60	FUN_1033db60	ok
1033dbd0	FUN_1033dbd0	ok
1033dc40	FUN_1033dc40	ok
1033dcb0	FUN_1033dcb0	ok
1033dd20	FUN_1033dd20	ok
1033dd90	FUN_1033dd90	ok
1033df20	FUN_1033df20	ok
1033e020	FUN_1033e020	ok
1033e040	FUN_1033e040	ok
1033e060	FUN_1033e060	ok
1033e0f0	FID_conflict:~bad_alloc	ok
1033e140	FUN_1033e140	ok
1033e1a0	FUN_1033e1a0	ok
1033e1c0	FID_conflict:~numpunct<wchar_t>	ok
1033e220	FUN_1033e220	ok
1033e250	FUN_1033e250	ok
1033e270	FUN_1033e270	ok
1033e290	FUN_1033e290	ok
1033e300	FUN_1033e300	ok
1033e330	FUN_1033e330	ok
1033e3a0	FUN_1033e3a0	ok
1033e3d0	FUN_1033e3d0	ok
1033e3f0	FUN_1033e3f0	ok
1033e420	FUN_1033e420	ok
1033e450	FUN_1033e450	ok
1033e650	FUN_1033e650	ok
1033e670	FUN_1033e670	ok
1033e690	FUN_1033e690	ok
1033e7f0	FUN_1033e7f0	ok
1033e810	FUN_1033e810	ok
1033e910	FUN_1033e910	ok
1033e930	FUN_1033e930	ok
1033ea20	not_eof	ok
1033ea50	FUN_1033ea50	ok
1033ed00	FUN_1033ed00	ok
1033ed20	sputc	ok
1033ed80	epptr	ok
1033eda0	_Pninc	ok
1033edf0	FUN_1033edf0	ok
1033ee80	FUN_1033ee80	ok
1033ef70	FUN_1033ef70	ok
1033ef90	FUN_1033ef90	ok
1033eff0	FUN_1033eff0	ok
1033f010	FUN_1033f010	ok
1033f030	FUN_1033f030	ok
1033f070	FUN_1033f070	ok
1033f0b0	allocate	ok
1033f0d0	FUN_1033f0d0	ok
1033f120	FUN_1033f120	ok
1033f180	FUN_1033f180	ok
1033f1b0	FUN_1033f1b0	ok
1033f230	FUN_1033f230	ok
1033f260	FUN_1033f260	ok
1033f2e0	FUN_1033f2e0	ok
1033f360	FUN_1033f360	ok
1033f380	FUN_1033f380	ok
1033f400	allocator<char>	ok
1033f410	FUN_1033f410	ok
1033f430	FUN_1033f430	ok
1033f450	FUN_1033f450	ok
1033f4d0	FUN_1033f4d0	ok
1033f4f0	max_size	ok
1033f520	max_size	ok
1033f550	FUN_1033f550	ok
1033fa30	FUN_1033fa30	ok
1033faa0	FUN_1033faa0	ok
1033fb00	FUN_1033fb00	ok
1033fb10	FUN_1033fb10	ok
1033fb40	FID_conflict:~bad_alloc	ok
1033fb90	FUN_1033fb90	ok
1033fba0	FUN_1033fba0	ok
1033fbd0	FID_conflict:~bad_alloc	ok
1033fc20	FUN_1033fc20	ok
1033fcb0	FUN_1033fcb0	ok
1033fd50	FUN_1033fd50	ok
1033fdf0	FUN_1033fdf0	ok
1033fe70	FID_conflict:bad_exception	ok
1033fed0	FUN_1033fed0	ok
1033ff00	FUN_1033ff00	ok
1033ff30	FUN_1033ff30	ok
1033ffc0	FUN_1033ffc0	ok
10340050	FUN_10340050	ok
103400f0	FUN_103400f0	ok
10340120	FUN_10340120	ok
10340150	end	ok
10340180	FUN_10340180	ok
103401e0	FUN_103401e0	ok
10340240	FUN_10340240	ok
10340400	FUN_10340400	ok
10340470	FUN_10340470	ok
10340480	FUN_10340480	ok
103404b0	FID_conflict:~bad_alloc	ok
10340500	FUN_10340500	ok
103405a0	FUN_103405a0	ok
10340640	FUN_10340640	ok
103406e0	_Destroy_range<>	ok
10340710	FUN_10340710	ok
10340760	FUN_10340760	ok
103407b0	FUN_103407b0	ok
10340820	FUN_10340820	ok
10340870	FUN_10340870	ok
103408b0	FUN_103408b0	ok
10340990	FUN_10340990	ok
103409d0	FUN_103409d0	ok
10340a00	FUN_10340a00	ok
10340a20	_String_const_iterator<>	ok
10340a40	FUN_10340a40	ok
10340a80	FUN_10340a80	ok
10340b20	FUN_10340b20	ok
10340ba0	FUN_10340ba0	ok
10340c70	FUN_10340c70	ok
10340ca0	FUN_10340ca0	ok
10340ce0	FUN_10340ce0	ok
10340d50	FUN_10340d50	ok
103411a0	FUN_103411a0	ok
103411b0	FUN_103411b0	ok
103411c0	FUN_103411c0	ok
10341220	FUN_10341220	ok
10341260	FUN_10341260	ok
10341280	FUN_10341280	ok
103412a0	FUN_103412a0	ok
103412e0	FUN_103412e0	ok
10341320	FUN_10341320	ok
103413d0	FUN_103413d0	ok
103413f0	FUN_103413f0	ok
10341490	FUN_10341490	ok
103414f0	FID_conflict:begin	ok
10341520	FUN_10341520	ok
10341560	FUN_10341560	ok
10341590	FUN_10341590	ok
103415b0	FUN_103415b0	ok
10341600	FUN_10341600	ok
10341640	FUN_10341640	ok
10341660	FUN_10341660	ok
10341680	FUN_10341680	ok
103416a0	FUN_103416a0	ok
103416d0	FUN_103416d0	ok
10341710	FUN_10341710	ok
10341740	_Vector_iterator<>	ok
10341760	FUN_10341760	ok
10341870	FUN_10341870	ok
103418d0	FUN_103418d0	ok
10341910	FUN_10341910	ok
10341930	FUN_10341930	ok
10341980	FUN_10341980	ok
103419c0	FUN_103419c0	ok
10341a90	FUN_10341a90	ok
10341b90	FUN_10341b90	ok
10341c30	FUN_10341c30	ok
10341c50	FUN_10341c50	ok
10341df0	FUN_10341df0	ok
10341fa0	FUN_10341fa0	ok
10342000	FUN_10342000	ok
10342a90	FUN_10342a90	ok
10342b10	FUN_10342b10	ok
10342b70	FUN_10342b70	ok
10342c00	FUN_10342c00	ok
10342c90	FUN_10342c90	ok
10342da0	FUN_10342da0	ok
10342e10	FUN_10342e10	ok
10342e20	FUN_10342e20	ok
10342e50	FID_conflict:~bad_alloc	ok
10342ea0	FUN_10342ea0	ok
10342fb0	FUN_10342fb0	ok
103430c0	FUN_103430c0	ok
10343110	FUN_10343110	ok
10343120	FUN_10343120	ok
10343190	DoMessageBox	ok
103431c0	FUN_103431c0	ok
103431f0	FUN_103431f0	ok
10343260	FUN_10343260	ok
103432a0	FUN_103432a0	ok
10343340	FUN_10343340	ok
103433e0	FUN_103433e0	ok
10343460	FUN_10343460	ok
10343490	FUN_10343490	ok
103434c0	FUN_103434c0	ok
103434f0	FUN_103434f0	ok
10343540	FUN_10343540	ok
10343560	FUN_10343560	ok
103435f0	FUN_103435f0	ok
10343610	FUN_10343610	ok
10343640	FUN_10343640	ok
10343670	FUN_10343670	ok
10343700	FUN_10343700	ok
10343790	FUN_10343790	ok
10343830	FUN_10343830	ok
10343860	FUN_10343860	ok
10343990	FUN_10343990	ok
103439d0	FUN_103439d0	ok
10343a10	FUN_10343a10	ok
10343ab0	FUN_10343ab0	ok
10343b30	FUN_10343b30	ok
10343c10	FUN_10343c10	ok
10343c60	FUN_10343c60	ok
10343ca0	FUN_10343ca0	ok
10343e30	FUN_10343e30	ok
10343f30	FUN_10343f30	ok
10344010	FUN_10344010	ok
10344040	FUN_10344040	ok
10344060	FUN_10344060	ok
103440a0	FUN_103440a0	ok
103440b0	FUN_103440b0	ok
10344130	FUN_10344130	ok
103441d0	FUN_103441d0	ok
10344210	FUN_10344210	ok
10344240	FUN_10344240	ok
103442b0	FUN_103442b0	ok
103442e0	FUN_103442e0	ok
10344320	FUN_10344320	ok
10344660	FUN_10344660	ok
10344680	FUN_10344680	ok
103446c0	FUN_103446c0	ok
103446f0	FUN_103446f0	ok
10344750	FUN_10344750	ok
10344780	FUN_10344780	ok
103447e0	FUN_103447e0	ok
10344840	FUN_10344840	ok
10344860	FUN_10344860	ok
10344920	FUN_10344920	ok
10344940	FUN_10344940	ok
10344970	FUN_10344970	ok
10344a10	FUN_10344a10	ok
10344a70	FUN_10344a70	ok
10344ad0	FUN_10344ad0	ok
10344b60	FUN_10344b60	ok
10344b70	FUN_10344b70	ok
103451d0	FUN_103451d0	ok
103451f0	width	ok
10345220	FUN_10345220	ok
10345240	FUN_10345240	ok
103454a0	sentry	ok
10345550	FUN_10345550	ok
103455c0	FUN_103455c0	ok
103455e0	FUN_103455e0	ok
10345660	FUN_10345660	ok
103456a0	FUN_103456a0	ok
10345d00	FUN_10345d00	ok
10346360	FUN_10346360	ok
103463c0	FUN_103463c0	ok
10346410	_Destroy_range<>	ok
10346440	FUN_10346440	ok
10346480	FUN_10346480	ok
10346540	FUN_10346540	ok
103465c0	FUN_103465c0	ok
10346600	FUN_10346600	ok
10346680	FUN_10346680	ok
103466f0	DoMessageBox	ok
10346720	FUN_10346720	ok
10346750	FUN_10346750	ok
103467c0	FUN_103467c0	ok
10346800	FUN_10346800	ok
103468a0	FUN_103468a0	ok
10346940	FUN_10346940	ok
103469c0	`vbase_destructor'	ok
103469f0	FUN_103469f0	ok
10346a60	FUN_10346a60	ok
10346a90	FUN_10346a90	ok
10346ac0	FUN_10346ac0	ok
10346b40	~basic_ostream<>	ok
10346b60	FID_conflict:`scalar_deleting_destructor'	ok
10346ba0	FID_conflict:`vbase_destructor'	ok
10346bd0	FUN_10346bd0	ok
10346c40	FID_conflict:~bad_alloc	ok
10346c90	FUN_10346c90	ok
10346ce0	FUN_10346ce0	ok
10346d00	FUN_10346d00	ok
10346d30	FUN_10346d30	ok
10346d50	FUN_10346d50	ok
10346d80	FUN_10346d80	ok
10346e00	FUN_10346e00	ok
10346ed0	FUN_10346ed0	ok
10346f60	FUN_10346f60	ok
10346ff0	FUN_10346ff0	ok
10347090	FUN_10347090	ok
103470c0	FUN_103470c0	ok
10347190	basic_ostream<char,std::char_traits<char>_>	ok
10347230	`scalar_deleting_destructor'	ok
10347270	FUN_10347270	ok
10347290	FUN_10347290	ok
103473a0	exceptions	ok
103473d0	FUN_103473d0	ok
10347400	FUN_10347400	ok
103474b0	FUN_103474b0	ok
10347550	FUN_10347550	ok
103475c0	_Callfns	ok
10347610	FUN_10347610	ok
103476b0	FUN_103476b0	ok
10347710	FUN_10347710	ok
10347770	FUN_10347770	ok
10347790	FUN_10347790	ok
10347830	FUN_10347830	ok
10347860	FUN_10347860	ok
10347990	FUN_10347990	ok
103479b0	FUN_103479b0	ok
10347c20	FUN_10347c20	ok
10347c50	FUN_10347c50	ok
10347c70	FUN_10347c70	ok
10347e10	FUN_10347e10	ok
10347e60	FUN_10347e60	ok
10347e90	FUN_10347e90	ok
10347eb0	FUN_10347eb0	ok
10347fa0	FUN_10347fa0	ok
10348030	FID_conflict:money_put<char,std::ostreambuf_iterator<char,std::char_traits<char>_>_>	ok
103480e0	FUN_103480e0	ok
103483b0	FUN_103483b0	ok
10348450	FUN_10348450	ok
103484f0	FUN_103484f0	ok
10348590	FUN_10348590	ok
10348630	FUN_10348630	ok
10348860	FUN_10348860	ok
10348a90	FUN_10348a90	ok
10348b10	FUN_10348b10	ok
10348b40	FUN_10348b40	ok
10348ba0	Ffmt	ok
10348c70	FUN_10348c70	ok
10349400	Ifmt	ok
10349500	FUN_10349500	ok
103498b0	FUN_103498b0	ok
10349910	FUN_10349910	ok
10349960	FUN_10349960	ok
103499d0	FUN_103499d0	ok
10349ae0	operator=	ok
10349b40	FUN_10349b40	ok
10349b80	FUN_10349b80	ok
10349ba0	FUN_10349ba0	ok
10349c00	FUN_10349c00	ok
10349c20	FUN_10349c20	ok
10349ca0	FUN_10349ca0	ok
10349cf0	FUN_10349cf0	ok
10349d70	FUN_10349d70	ok
10349d90	FUN_10349d90	ok
10349de0	FUN_10349de0	ok
10349e30	FUN_10349e30	ok
10349e60	FUN_10349e60	ok
10349ea0	FUN_10349ea0	ok
10349ec0	FUN_10349ec0	ok
10349fb0	FUN_10349fb0	ok
1034a030	FUN_1034a030	ok
1034a090	FUN_1034a090	ok
1034a230	FUN_1034a230	ok
1034a260	FUN_1034a260	ok
1034a280	FUN_1034a280	ok
1034a2e0	FUN_1034a2e0	ok
1034a300	FUN_1034a300	ok
1034a340	FUN_1034a340	ok
1034a370	FUN_1034a370	ok
1034a3f0	FUN_1034a3f0	ok
1034a4c0	FUN_1034a4c0	ok
1034a4e0	FUN_1034a4e0	ok
1034a500	FUN_1034a500	ok
1034a540	FUN_1034a540	ok
1034a5b0	FUN_1034a5b0	ok
1034a610	FUN_1034a610	ok
1034a640	select_on_container_copy_construction	ok
1034a660	FUN_1034a660	ok
1034a6c0	FUN_1034a6c0	ok
1034a720	FUN_1034a720	ok
1034a730	FUN_1034a730	ok
1034a750	FUN_1034a750	ok
1034a7a0	FUN_1034a7a0	ok
1034a7e0	FUN_1034a7e0	ok
1034a860	FUN_1034a860	ok
1034a880	FUN_1034a880	ok
1034a8a0	FUN_1034a8a0	ok
1034a8c0	FUN_1034a8c0	ok
1034a930	FUN_1034a930	ok
1034a9f0	FUN_1034a9f0	ok
1034aa50	FUN_1034aa50	ok
1034aa90	FUN_1034aa90	ok
1034ab60	FUN_1034ab60	ok
1034abd0	FUN_1034abd0	ok
1034abf0	_Get_deleter	ok
1034ac30	FUN_1034ac30	ok
1034ac60	FID_conflict:~bad_alloc	ok
1034acb0	FUN_1034acb0	ok
1034ad00	FUN_1034ad00	ok
1034ad30	FUN_1034ad30	ok
1034add0	FUN_1034add0	ok
1034ae80	FUN_1034ae80	ok
1034aeb0	FUN_1034aeb0	ok
1034af10	FUN_1034af10	ok
1034b03f	FUN_1034b03f	ok
1034b061	FUN_1034b061	ok
1034b0ae	FUN_1034b0ae	ok
1034b81d	FUN_1034b81d	ok
1034b8ca	FUN_1034b8ca	ok
1034b92d	FUN_1034b92d	ok
1034b9ab	FUN_1034b9ab	ok
1034baf0	FUN_1034baf0	ok
1034bb7a	FUN_1034bb7a	ok
1034bc5e	FUN_1034bc5e	ok
1034c43f	FUN_1034c43f	ok
1034c4c6	FUN_1034c4c6	ok
1034c696	FUN_1034c696	ok
1034c6b7	FUN_1034c6b7	ok
1034c712	FUN_1034c712	ok
1034c7cc	FUN_1034c7cc	ok
1034c7e3	FUN_1034c7e3	ok
1034c800	FUN_1034c800	ok
1034db40	FUN_1034db40	ok
1034db7e	FUN_1034db7e	ok
1034ddc8	FUN_1034ddc8	ok
1034dde2	FUN_1034dde2	ok
1034e002	FUN_1034e002	ok
1034e060	FUN_1034e060	ok
1034e110	FUN_1034e110	ok
1034e2cd	FUN_1034e2cd	ok
1034e389	FUN_1034e389	ok
1034e823	FUN_1034e823	ok
1034ea59	FUN_1034ea59	ok
1034ee0b	FUN_1034ee0b	ok
1034ee4d	FUN_1034ee4d	ok
1034ee6c	FUN_1034ee6c	ok
1034eed9	FUN_1034eed9	ok
1034ef30	FUN_1034ef30	ok
1034efa8	FUN_1034efa8	ok
1034f00c	FUN_1034f00c	ok
1034f083	FUN_1034f083	ok
1034f26b	FUN_1034f26b	ok
1034f2cc	FUN_1034f2cc	ok
1034f357	FUN_1034f357	ok
1034f51e	FUN_1034f51e	ok
1034f713	FUN_1034f713	ok
1034f724	FUN_1034f724	ok
1034f72f	FUN_1034f72f	ok
1034fb0b	FUN_1034fb0b	ok
1034fede	FUN_1034fede	ok
1034fef5	FUN_1034fef5	ok
1034ff0d	FUN_1034ff0d	ok
1034ff22	FUN_1034ff22	ok
1034ff2b	FUN_1034ff2b	ok
1034ff34	_Tidy	ok
1034ff7a	_Addstd	ok
1034ffca	_Ios_base_dtor	ok
10350008	_Init_locks	ok
10350060	_Lockit	ok
10350081	FUN_10350081	ok
10350093	~_Fac_node	ok
103500a8	__Deletegloballocale	ok
103500c4	tidy_global	ok
103500ee	FUN_103500ee	ok
103500f4	_Setgloballocale	ok
10350119	_Locimp_dtor	ok
10350179	__Fac_tidy	ok
103501bc	facet_Register	ok
103501f5	_Locinfo_dtor	ok
10350218	_Locimp	ok
10350261	~_Locimp	ok
1035029e	`scalar_deleting_destructor'	ok
103502ba	_Init	ok
10350354	_Locinfo_ctor	ok
1035039e	FUN_1035039e	ok
103503dd	FUN_103503dd	ok
1035041c	__Tolower	ok
1035052b	__Getctype	ok
10350586	__Toupper	ok
1035069a	__Stoulx	ok
10350830	__Getcoll	ok
10350844	__Stolx	ok
103508e7	__Stofx	ok
10350907	FUN_10350907	ok
10350978	FUN_10350978	ok
10350983	FUN_10350983	ok
1035098e	FUN_1035098e	ok
10350999	FUN_10350999	ok
103509a4	_Atexit	ok
103509e9	FUN_103509e9	ok
10350a3a	bad_alloc	ok
10350a53	FUN_10350a53	ok
10350ad0	_memset	ok
10350b50	_memcpy	ok
10350ec0	_memmove	ok
10351225	__security_check_cookie	ok
10351234	_memcmp	ok
103528b4	_JumpToContinuation	ok
103528e4	FID_conflict:_CallMemberFunction1	ok
103528eb	_UnwindNestedFrames	ok
1035293d	FID_conflict:___CxxFrameHandler3	ok
103529a3	_CallSETranslator	ok
10352a78	TranslatorGuardHandler	ok
10352b15	_GetRangeOfTrysToCheck	ok
10352b88	__CreateFrameInfo	ok
10352bb0	__IsExceptionObjectToBeDestroyed	ok
10352bd1	__FindAndUnlinkFrame	ok
10352c1d	_CallCatchBlock2	ok
10352c80	__alloca_probe	ok
10352cb0	FUN_10352cb0	ok
10352cc0	FUN_10352cc0	ok
10352da8	FUN_10352da8	ok
10352de0	_strchr	ok
10352ea0	_strrchr	ok
10352ecd	_wcschr	ok
10352eef	_wcsrchr	ok
10352f20	_strlen	ok
10352fb0	_strncpy	ok
103530d4	FUN_103530d4	ok
103530ea	_wcsncpy	ok
10353127	_sprintf	ok
103531a2	_sprintf_s	ok
103531be	~type_info	ok
103531cc	`scalar_deleting_destructor'	ok
103531e8	operator==	ok
10353203	FUN_10353203	ok
10353214	exception	ok
10353262	exception	ok
1035327a	exception	ok
103532d2	~exception	ok
103532f5	FUN_103532f5	ok
1035330e	FUN_1035330e	ok
10353326	FUN_10353326	ok
10353331	FUN_10353331	ok
1035334d	FUN_1035334d	ok
1035336f	_memcpy_s	ok
103533ea	__CxxThrowException@8	ok
1035345e	_free	ok
103534b4	FUN_103534b4	ok
103534ec	FUN_103534ec	ok
103534f6	__invoke_watson	ok
103535f2	FUN_103535f2	ok
10353616	FUN_10353616	ok
10353626	_memmove_s	ok
10353681	_localeconv	ok
103536a7	_LocaleUpdate	ok
10353729	strtoxq	ok
103539bd	__strtoi64	ok
103539e6	__strtoui64	ok
10353a10	__cfltcvt_init	ok
10353a70	__fpmath	ok
10353a90	_memchr	ok
10353b3d	FUN_10353b3d	ok
10353b5c	FUN_10353b5c	ok
10353c44	__onexit	ok
10353c7a	FUN_10353c7a	ok
10353c80	_atexit	ok
10353c92	__amsg_exit	ok
10353cb6	FUN_10353cb6	ok
10353cdc	___crtExitProcess	ok
10353cf1	FUN_10353cf1	ok
10353cfa	FUN_10353cfa	ok
10353d03	FUN_10353d03	ok
10353d1b	__initterm_e	ok
10353d3b	__get_osplatform	ok
10353d72	__get_winmajor	ok
10353dae	__cinit	ok
10353e40	FUN_10353e40	ok
10353f0d	FUN_10353f0d	ok
10353f22	FUN_10353f22	ok
10353f33	__exit	ok
10353f44	__cexit	ok
10353f53	__init_pointers	ok
10353f9f	FUN_10353f9f	ok
10353fac	_rand	ok
10353fd0	__allrem	ok
10354090	__allshl	ok
103540af	FUN_103540af	ok
103540b9	FUN_103540b9	ok
103540ea	__callnewh	ok
1035410c	__time64	ok
10354150	__except_handler4	ok
103542e6	__fsopen	ok
103543a0	FUN_103543a0	ok
103543aa	_fopen	ok
103543bd	__wfsopen	ok
10354479	FUN_10354479	ok
10354483	__wfopen	ok
103544a0	__allmul	ok
103544e0	__alldiv	ok
1035458a	__gmtime64_s	ok
103547c6	__gmtime64	ok
103547f0	__aullrem	ok
10354870	__aulldiv	ok
103548d8	__freea	ok
103548f3	FUN_103548f3	ok
10354913	FID_conflict:__store_num	ok
1035498c	FUN_1035498c	ok
10354d72	FUN_10354d72	ok
103551cf	__Strftime_l	ok
1035537e	_strftime	ok
1035539b	FUN_1035539b	ok
10355660	FID_conflict:__localtime64	ok
10355690	_strcspn	ok
103556d6	__CRT_INIT@12	ok
103559c6	_V6_HeapAlloc	ok
10355a0c	FUN_10355a0c	ok
10355a15	_malloc	ok
10355ad8	__EH_prolog3	ok
10355b0b	__EH_prolog3_catch	ok
10355b41	__EH_epilog3	ok
10355b55	___freetlocinfo	ok
10355c95	___addlocaleref	ok
10355d1b	___removelocaleref	ok
10355da7	__copytlocinfo_nolock	ok
10355dcb	__updatetlocinfoEx_nolock	ok
10355e09	___updatetlocinfo	ok
10355e73	FUN_10355e73	ok
10355e7f	sync_legacy_variables_lk	ok
10355ed2	__free_locale	ok
10355f5f	FUN_10355f5f	ok
10355f68	__strcats	ok
10355fa6	___lc_strtolc	ok
103560cf	___lc_lctostr	ok
1035613a	__setlocale_get_all	ok
103562ab	__expandlocale	ok
1035647f	__setlocale_set_cat	ok
10356775	__setlocale_nolock	ok
10356943	_setlocale	ok
10356a71	FUN_10356a71	ok
10356a7d	FUN_10356a7d	ok
10356aae	FUN_10356aae	ok
10356ab3	__crtLCMapStringA_stat	ok
10356e55	___crtLCMapStringA	ok
10356e98	___pctype_func	ok
10356ec1	__isupper_l	ok
10356f10	_isupper	ok
10356f39	__islower_l	ok
10356f88	_islower	ok
10356fb1	__isdigit_l	ok
10357000	_isdigit	ok
10357029	__isspace_l	ok
10357078	_isspace	ok
103570a1	___init_ctype	ok
10357436	____lc_codepage_func	ok
1035745c	____lc_handle_func	ok
10357482	__malloc_crt	ok
103574c2	__calloc_crt	ok
1035750a	__realloc_crt	ok
10357555	__recalloc_crt	ok
103575a5	FUN_103575a5	ok
103575e0	FUN_103575e0	ok
103575f3	FUN_103575f3	ok
10357606	FUN_10357606	ok
10357624	__tolower_l	ok
1035773b	_tolower	ok
10357762	FUN_10357762	ok
1035787d	FUN_1035787d	ok
1035789b	FUN_1035789b	ok
103578bd	___TypeMatch	ok
1035795d	___FrameUnwindToState	ok
10357a23	FUN_10357a23	ok
10357a83	___DestructExceptionObject	ok
10357ad7	___AdjustPointer	ok
10357afc	FUN_10357afc	ok
10357b0f	IsInExceptionSpec	ok
10357b88	CallUnexpected	ok
10357bd1	CallCatchBlock	ok
10357cf7	FUN_10357cf7	ok
10357d6d	___BuildCatchObjectHelper	ok
10357eec	___BuildCatchObject	ok
10357f7d	CatchIt	ok
10357fe9	FindHandlerForForeignException	ok
103580db	FindHandler	ok
10358449	___InternalCxxFrameHandler	ok
1035852d	_abort	ok
1035863e	xtoa_s	ok
10358719	__itoa_s	ok
10358741	fastzero_I	ok
10358798	__VEC_memzero	ok
1035883b	FUN_1035883b	ok
103588c2	__VEC_memcpy	ok
103589a5	___report_gsfailure	ok
10358aa9	FUN_10358aa9	ok
10358b15	FUN_10358b15	ok
10358b83	__encoded_null	ok
10358b8c	FUN_10358b8c	ok
10358c03	FUN_10358c03	ok
10358c35	__mtterm	ok
10358c72	FUN_10358c72	ok
10358d28	FUN_10358d28	ok
10358d31	FUN_10358d31	ok
10358da8	__getptd	ok
10358dc0	__freefls@4	ok
10358ecc	FUN_10358ecc	ok
10358ed8	FUN_10358ed8	ok
10358ee1	__freeptd	ok
10358f4a	__mtinit	ok
103590ce	terminate	ok
10359107	unexpected	ok
1035911a	_inconsistency	ok
10359151	__initp_eh_hooks	ok
10359170	__CallSettingFrame@12	ok
103591bc	__flsbuf	ok
1035931c	write_char	ok
1035934f	write_multi_char	ok
10359373	FUN_10359373	ok
10359d07	__vsnprintf_helper	ok
10359dd1	__vsprintf_s_l	ok
10359e57	_Type_info_dtor	ok
10359ebe	FUN_10359ebe	ok
10359ed0	_strcmp	ok
10359f58	_strcpy_s	ok
10359fbd	FUN_10359fbd	ok
1035a15d	__FF_MSGBANNER	ok
1035a196	___getlocaleinfo	ok
1035a2f0	FUN_1035a2f0	ok
1035a2fa	___heap_select	ok
1035a355	__heap_init	ok
1035a3af	__heap_term	ok
1035a423	__mtinitlocks	ok
1035a46c	__mtdeletelocks	ok
1035a4c1	FUN_1035a4c1	ok
1035a4d6	__mtinitlocknum	ok
1035a590	FUN_1035a590	ok
1035a599	__lock	ok
1035a5ca	___sbh_heap_init	ok
1035a636	FUN_1035a636	ok
1035a63d	___sbh_free_block	ok
1035a951	___sbh_alloc_new_region	ok
1035aa01	___sbh_alloc_new_group	ok
1035ab07	___sbh_resize_block	ok
1035ade6	___sbh_alloc_block	ok
1035b0cc	__SEH_prolog4	ok
1035b111	__SEH_epilog4	ok
1035b125	FUN_1035b125	ok
1035b12d	FUN_1035b12d	ok
1035b15c	setSBCS	ok
1035b1b1	setSBUpLow	ok
1035b33b	___updatetmbcinfo	ok
1035b3d6	FUN_1035b3d6	ok
1035b3df	getSystemCP	ok
1035b459	FUN_1035b459	ok
1035b632	__setmbcp	ok
1035b793	FUN_1035b793	ok
1035b7cc	___initmbctable	ok
1035b7ea	__isctype_l	ok
1035b8a0	__aulldvrm	ok
1035b935	__forcdecpt_l	ok
1035b9a6	__cropzeros_l	ok
1035ba3c	__fassign_l	ok
1035ba93	__shift	ok
1035bacc	__cftoe2_l	ok
1035bc39	__cftoe_l	ok
1035bd07	__cftoe	ok
1035bd25	__cftoa_l	ok
1035c096	__cftof2_l	ok
1035c18b	__cftof_l	ok
1035c244	__cftog_l	ok
1035c33c	__cfltcvt_l	ok
1035c3c2	__cfltcvt	ok
1035c3e3	__initp_misc_cfltcvt_tab	ok
1035c402	__setdefaultprecision	ok
1035c42b	__ms_p5_test_fdiv	ok
1035c467	__ms_p5_mp_test_fdiv	ok
1035c490	__msize	ok
1035c52a	FUN_1035c52a	ok
1035c533	__RTC_Initialize	ok
1035c580	__ValidateImageBase	ok
1035c5b0	__FindPESection	ok
1035c600	__IsNonwritableInCurrentImage	ok
1035c6bb	FUN_1035c6bb	ok
1035c6bc	FUN_1035c6bc	ok
1035c835	__initp_misc_winsig	ok
1035c84e	siglookup	ok
1035c882	___get_sigabrt	ok
1035c88f	_raise	ok
1035ca03	FUN_1035ca03	ok
1035ca3f	FUN_1035ca3f	ok
1035ca49	FUN_1035ca49	ok
1035ca53	___crtInitCritSecNoSpinCount@8	ok
1035ca63	___crtInitCritSecAndSpinCount	ok
1035cb28	__local_unwind4	ok
1035cbfe	FUN_1035cbfe	ok
1035cc1a	_EH4_CallFilterFunc	ok
1035cc31	_EH4_TransferToHandler	ok
1035cc4a	_EH4_GlobalUnwind	ok
1035cc64	_EH4_LocalUnwind	ok
1035cc7b	FUN_1035cc7b	ok
1035cd8e	FUN_1035cd8e	ok
1035cdbc	FUN_1035cdbc	ok
1035cdf2	FUN_1035cdf2	ok
1035ce1c	FUN_1035ce1c	ok
1035d0bc	FUN_1035d0bc	ok
1035d1e3	FUN_1035d1e3	ok
1035d1ec	__wopenfile	ok
1035d478	___getgmtimebuf	ok
1035d4c0	__get_daylight	ok
1035d4f4	__get_dstbias	ok
1035d528	FUN_1035d528	ok
1035d55c	FUN_1035d55c	ok
1035d562	FUN_1035d562	ok
1035d568	FUN_1035d568	ok
1035d56e	FUN_1035d56e	ok
1035d574	FUN_1035d574	ok
1035d823	FUN_1035d823	ok
1035d8bd	cvtdate	ok
1035dab2	__isindst_nolock	ok
1035dc60	___tzset	ok
1035dca6	FUN_1035dca6	ok
1035dcaf	__isindst	ok
1035dce7	FUN_1035dce7	ok
1035dcf0	___ascii_stricmp	ok
1035dd25	__stricmp_l	ok
1035ddf8	__stricmp	ok
1035de48	__isleadbyte_l	ok
1035de7e	_isleadbyte	ok
1035de90	__alloca_probe_16	ok
1035dea6	__alloca_probe_8	ok
1035debc	__ioinit	ok
1035e0fc	__ioterm	ok
1035e148	__setenvp	ok
1035e223	parse_cmdline	ok
1035e3bb	__setargv	ok
1035e474	___crtGetEnvironmentStringsA	ok
1035e5a9	___security_init_cookie	ok
1035e63d	__get_lc_time	ok
1035ea56	___free_lc_time	ok
1035ebe6	___init_time	ok
1035ec59	___free_lconv_num	ok
1035ec99	___init_numeric	ok
1035ee61	___free_lconv_mon	ok
1035eeea	___init_monetary	ok
1035f1b1	_strcat_s	ok
1035f222	_strncpy_s	ok
1035f2d5	_TranslateName	ok
1035f335	_ProcessCodePage	ok
1035f3ac	_TestDefaultCountry	ok
1035f3ca	_LcidFromHexString	ok
1035f3fc	_GetPrimaryLen	ok
1035f417	_CountryEnumProc@4	ok
1035f4ad	_TestDefaultLanguage	ok
1035f51f	_LangCountryEnumProc@4	ok
1035f6ef	_LanguageEnumProc@4	ok
1035f7ae	_GetLcidFromLangCountry	ok
1035f813	_GetLcidFromLanguage	ok
1035f84f	___get_qualified_locale	ok
1035fa32	__crtGetStringTypeA_stat	ok
1035fbea	___crtGetStringTypeA	ok
1035fc2a	_strncmp	ok
1035fcf0	_strpbrk	ok
1035fd30	___ansicp	ok
1035fd77	___convertcp	ok
1035ff29	__calloc_impl	ok
10360025	FUN_10360025	ok
10360047	_realloc	ok
1036018b	FUN_1036018b	ok
10360262	FUN_10360262	ok
103602e0	__fltin2	ok
10360385	_ValidateRead	ok
10360392	FUN_10360392	ok
103603e2	__get_sse2_info	ok
10360450	__global_unwind2	ok
103604b5	__local_unwind2	ok
1036055c	__NLG_Notify1	ok
10360565	__NLG_Notify	ok
10360584	FUN_10360584	ok
10360587	__lseeki64_nolock	ok
1036060a	__lseeki64	ok
10360719	FUN_10360719	ok
10360723	__write_nolock	ok
10360ce9	__write	ok
10360dbb	FUN_10360dbb	ok
10360dc5	__getbuf	ok
10360e09	__isatty	ok
10360e67	__fileno	ok
10360e94	FUN_10360e94	ok
10360eaa	__wctomb_s_l	ok
10361009	_wctomb_s	ok
10361024	write_string	ok
10361a1e	FUN_10361a1e	ok
10361bdb	__set_error_mode	ok
10361c21	__crtGetLocaleInfoW_stat	ok
10361d5c	___crtGetLocaleInfoW	ok
10361d97	__crtGetLocaleInfoA_stat	ok
10361ed4	___crtGetLocaleInfoA	ok
10361f0f	FID_conflict:__atoflt_l	ok
10361fb5	FID_conflict:__atoflt_l	ok
1036205b	__fptostr	ok
10362118	___dtold	ok
103621d3	__fltout2	ok
10362270	__alldvrm	ok
10362350	__aullshr	ok
10362378	__controlfp_s	ok
10362608	FUN_10362608	ok
10362d61	FID_conflict:__sopen_helper	ok
10362dff	FUN_10362dff	ok
10362e2d	__sopen_s	ok
10362e4b	__mbsicmp_l	ok
10363065	__mbsicmp	ok
10363078	__mbsnbcmp_l	ok
103631e1	__mbsnbcmp	ok
103631f8	FUN_103631f8	ok
10363952	FID_conflict:__sopen_helper	ok
103639f0	FUN_103639f0	ok
10363a1e	__wsopen_s	ok
10363a3c	__wcsicmp_l	ok
10363b4b	__wcsicmp	ok
10363bdc	_wcsncmp	ok
10363c11	_atol	ok
10363c22	__getenv_helper_nolock	ok
10363ca3	__iswctype_l	ok
10363d25	x_ismbbtype_l	ok
10363d76	__ismbblead	ok
10363d89	__strnicmp_l	ok
10363e79	__strnicmp	ok
10363ed5	__ld12tod	ok
10364417	__ld12tof	ok
10364959	FUN_10364959	ok
10365019	__set_osfhnd	ok
10365096	__free_osfhnd	ok
10365117	__get_osfhandle	ok
10365188	___lock_fhandle	ok
1036521f	FUN_1036521f	ok
10365228	__unlock_fhandle	ok
1036524a	__alloc_osfhnd	ok
1036531d	FUN_1036531d	ok
103653e0	FUN_103653e0	ok
103653e9	__putwch_nolock	ok
103654ab	__mbtowc_l	ok
103655be	_mbtowc	ok
103655d5	strtoxl	ok
10365800	_strtol	ok
10365829	FUN_10365829	ok
103660ef	__hw_cw	ok
1036617d	___hw_cw_sse2	ok
1036621d	__control87	ok
103666ef	__chsize_nolock	ok
103668a3	FUN_103668a3	ok
10366e64	__close_nolock	ok
10366fc5	__lseek_nolock	ok
10367037	__setmode_nolock	ok
103670f3	FUN_103670f3	ok
10367127	__towlower_l	ok
103671d4	__mbsnbicoll_l	ok
103672c0	__mbsnbicoll	ok
103672d7	___wtomb_environ	ok
1036736c	__crtGetStringTypeW_stat	ok
10367590	___crtGetStringTypeW	ok
103675d0	___ascii_strnicmp	ok
10367631	___mtold12	ok
103677fd	___initconout	ok
10367849	___set_fpsr_sse2	ok
103678bb	FUN_103678bb	ok
103678e7	__crtLCMapStringW_stat	ok
10367b48	___crtLCMapStringW	ok
10367b88	__crtCompareStringA_stat	ok
10367f11	___crtCompareStringA	ok
10367f51	__strnicoll_l	ok
10368049	findenv	ok
10368096	copy_environ	ok
103680f3	FUN_103680f3	ok
1036833f	__strdup	ok
1036838f	__mbschr_l	ok
10368449	__mbschr	ok
10368470	FUN_10368470	ok
10368550	FUN_10368550	ok
10368630	FUN_10368630	ok
10368650	FUN_10368650	ok
10368670	FUN_10368670	ok
10368720	FUN_10368720	ok
103687d0	FUN_103687d0	ok
103687f0	FUN_103687f0	ok
10368810	FUN_10368810	ok
10368840	FUN_10368840	ok
103689e0	FUN_103689e0	ok
10368b80	FUN_10368b80	ok
10368ba0	FUN_10368ba0	ok
10368c80	FUN_10368c80	ok
10368cf0	FUN_10368cf0	ok
10369420	FUN_10369420	ok
103694e0	FUN_103694e0	ok
10369610	FUN_10369610	ok
103697e0	FUN_103697e0	ok
103697f0	FUN_103697f0	ok
10369820	FUN_10369820	ok
10369920	FUN_10369920	ok
10369950	FUN_10369950	ok
103699d0	FUN_103699d0	ok
10369a50	FUN_10369a50	ok
10369af0	FUN_10369af0	ok
10369ba0	FUN_10369ba0	ok
10369d26	FUN_10369d26	ok
10369d2c	__get_sys_err_msg	ok
10369d4f	_strerror	ok
10369db6	FUN_10369db6	ok
10369dbc	FUN_10369dbc	ok
10371950	FUN_10371950	ok
10371960	FUN_10371960	ok
10371970	FUN_10371970	ok
10371980	FUN_10371980	ok
10371990	FUN_10371990	ok
103719a0	FUN_103719a0	ok
103719b0	FUN_103719b0	ok
103719c0	FUN_103719c0	ok
103719d0	FUN_103719d0	ok
103719e0	FUN_103719e0	ok
103719f0	FUN_103719f0	ok
10371a00	FUN_10371a00	ok
10371a10	FUN_10371a10	ok
10371a20	FUN_10371a20	ok
10371a30	FUN_10371a30	ok
10371a50	FUN_10371a50	ok
10371a70	FUN_10371a70	ok
10371a90	FUN_10371a90	ok
10371ab0	FUN_10371ab0	ok
10371ac0	FUN_10371ac0	ok
10371ad0	FUN_10371ad0	ok
10371ae0	FUN_10371ae0	ok
10371af0	FUN_10371af0	ok
10371b00	FUN_10371b00	ok
10371b10	FUN_10371b10	ok
10371b20	FUN_10371b20	ok
10371b30	FUN_10371b30	ok
10371b40	FUN_10371b40	ok
10371b50	FUN_10371b50	ok
10371b60	FUN_10371b60	ok
10371b70	FUN_10371b70	ok
10371b80	FUN_10371b80	ok
10371b90	FUN_10371b90	ok
103731f0	FUN_103731f0	ok
10373200	FUN_10373200	ok
10373210	FUN_10373210	ok
10373220	FUN_10373220	ok
10373230	FUN_10373230	ok
10373240	FUN_10373240	ok
10373250	FUN_10373250	ok
10373260	FUN_10373260	ok
10373270	FUN_10373270	ok
10373280	FUN_10373280	ok
10373290	FUN_10373290	ok
103732a0	FUN_103732a0	ok
103732b0	FUN_103732b0	ok
103732c0	FUN_103732c0	ok
103732d0	FUN_103732d0	ok
103732e0	FUN_103732e0	ok
103732f0	FUN_103732f0	ok
10373300	FUN_10373300	ok
10373310	FUN_10373310	ok
10373320	FUN_10373320	ok
10373330	FUN_10373330	ok
10373340	FUN_10373340	ok
10373350	FUN_10373350	ok
10373360	FUN_10373360	ok
10373370	FUN_10373370	ok
10373380	FUN_10373380	ok
10373390	FUN_10373390	ok
103733a0	FUN_103733a0	ok
103733b0	FUN_103733b0	ok
103733c0	FUN_103733c0	ok
103733e0	FUN_103733e0	ok
103733f0	FUN_103733f0	ok
10373400	FUN_10373400	ok
10373410	FUN_10373410	ok
10373420	FUN_10373420	ok
10373430	FUN_10373430	ok
10373440	FUN_10373440	ok
10373450	FUN_10373450	ok
10373460	FUN_10373460	ok
10373470	FUN_10373470	ok
10373480	FUN_10373480	ok
10373490	FUN_10373490	ok
103734a0	FUN_103734a0	ok
103734b0	FUN_103734b0	ok
103734c0	FUN_103734c0	ok
103734f0	FUN_103734f0	ok
10373500	FUN_10373500	ok
10373510	FUN_10373510	ok
10373520	FUN_10373520	ok
10373530	FUN_10373530	ok
10373540	FUN_10373540	ok
10373550	FUN_10373550	ok
10373560	FUN_10373560	ok
10373570	FUN_10373570	ok
10373580	FUN_10373580	ok
10373590	FUN_10373590	ok
103735a0	FUN_103735a0	ok
103735b0	FUN_103735b0	ok
103735c0	FUN_103735c0	ok
103735d0	FUN_103735d0	ok
103735e0	FUN_103735e0	ok
103735f0	FUN_103735f0	ok
10373600	FUN_10373600	ok
10373610	FUN_10373610	ok
10373620	FUN_10373620	ok
10373630	FUN_10373630	ok
10373640	FUN_10373640	ok
10373650	FUN_10373650	ok
10373660	FUN_10373660	ok
10373670	FUN_10373670	ok
10373680	FUN_10373680	ok
10373690	FUN_10373690	ok
103736a0	FUN_103736a0	ok
103736b0	FUN_103736b0	ok
103736c0	FUN_103736c0	ok
103736d0	FUN_103736d0	ok
103736e0	FUN_103736e0	ok
103736f0	FUN_103736f0	ok
10373700	FUN_10373700	ok
10373710	FUN_10373710	ok
10373720	FUN_10373720	ok
10373730	FUN_10373730	ok
10373740	FUN_10373740	ok
10373750	FUN_10373750	ok
10373760	FUN_10373760	ok
10373770	FUN_10373770	ok
10373780	FUN_10373780	ok
10373790	FUN_10373790	ok
103737a0	FUN_103737a0	ok
103737b0	FUN_103737b0	ok
103737c0	FUN_103737c0	ok
103737d0	FUN_103737d0	ok
103737e0	FUN_103737e0	ok
103737f0	FUN_103737f0	ok
10373800	FUN_10373800	ok
10373810	FUN_10373810	ok
10373820	FUN_10373820	ok
10373830	FUN_10373830	ok
10373840	FUN_10373840	ok
10373850	FUN_10373850	ok
10373860	FUN_10373860	ok
10373870	FUN_10373870	ok
10373890	FUN_10373890	ok
103738a0	FUN_103738a0	ok
103738b0	FUN_103738b0	ok
103738c0	FUN_103738c0	ok
103738d0	FUN_103738d0	ok
103738e0	FUN_103738e0	ok
103738f0	FUN_103738f0	ok
10373900	FUN_10373900	ok
10373910	FUN_10373910	ok
10373920	FUN_10373920	ok
10373930	FUN_10373930	ok
10373940	FUN_10373940	ok
10373950	FUN_10373950	ok
10373960	FUN_10373960	ok
10373970	FUN_10373970	ok
10373990	FUN_10373990	ok
103739c0	FUN_103739c0	ok
103739f0	FUN_103739f0	ok
10373a20	FUN_10373a20	ok
10373a40	FUN_10373a40	ok
10373a60	FUN_10373a60	ok
10373ad0	FUN_10373ad0	ok
10373ae0	FUN_10373ae0	ok
10373af0	FUN_10373af0	ok
10373b00	FUN_10373b00	ok
10373b10	FUN_10373b10	ok
10373b20	FUN_10373b20	ok
10373b30	FUN_10373b30	ok
10373b40	FUN_10373b40	ok
10373b50	FUN_10373b50	ok
10373b60	FUN_10373b60	ok
10373b70	FUN_10373b70	ok
10373b80	FUN_10373b80	ok
10373b90	FUN_10373b90	ok
10373ba0	FUN_10373ba0	ok
10373bb0	FUN_10373bb0	ok
10373bc0	FUN_10373bc0	ok
10373bd0	FUN_10373bd0	ok
10373be0	FUN_10373be0	ok
10373bf0	FUN_10373bf0	ok
10373c00	FUN_10373c00	ok
10373c10	FUN_10373c10	ok
10373c20	FUN_10373c20	ok
10373c30	FUN_10373c30	ok
10373c40	FUN_10373c40	ok
10373c50	FUN_10373c50	ok
10373c60	FUN_10373c60	ok
10373c70	FUN_10373c70	ok
10373c80	FUN_10373c80	ok
10373c8f	FUN_10373c8f	ok
10373db0	FUN_10373db0	ok
10373dc0	FUN_10373dc0	ok
10373dd0	FUN_10373dd0	ok
10373de0	FUN_10373de0	ok
10373df0	FUN_10373df0	ok
10373e00	FUN_10373e00	ok
10373e10	FUN_10373e10	ok
1037b000	FUN_1037b000	ok